Type,Origin_Region,Destination_Region,Total_Flow_Units,Optimal_Flow_Units,Non_Optimal_Flow_Units,Optimal_Flow_Percentage,Non_Optimal_Flow_Percentage
Billed Wt,AMD,AMD,0.0,0.0,0.0,0.0,0.0
Billed Wt,AMD,BBI,1013.2400000000001,349.79999999999995,663.4400000000002,34.52,65.48
Billed Wt,AMD,BLR,4397.600000000001,2605.16,1792.44,59.24,40.76
Billed Wt,AMD,CCU,3141.1999999999985,1439.56,1701.64,45.83,54.17
Billed Wt,AMD,CHE,2004.24,529.64,1474.6000000000001,26.43,73.57
Billed Wt,AMD,CJB,1025.5999999999997,319.4,706.1999999999997,31.14,68.86
Billed Wt,AMD,COK,1932.8799999999997,673.36,1259.5199999999998,34.84,65.16
Billed Wt,AMD,DDL,2002.5999999999995,740.36,1262.24,36.97,63.03
Billed Wt,AMD,GAU,911.2800000000002,89.52,821.7600000000001,9.82,90.18
Billed Wt,AMD,HHPT,2290.0000000000005,408.8,1881.2000000000005,17.85,82.15
Billed Wt,AMD,HYD,3516.5600000000004,1915.28,1601.2799999999997,54.46,45.54
Billed Wt,AMD,IDR,1113.12,309.68,803.4399999999998,27.82,72.18
Billed Wt,AMD,JAI,1465.1599999999999,479.8,985.3599999999999,32.75,67.25
Billed Wt,AMD,MUM,2746.079999999999,1187.2799999999997,1558.8000000000004,43.24,56.76
Billed Wt,AMD,NGP,737.4800000000001,98.76,638.7200000000001,13.39,86.61
Billed Wt,AMD,PAT,1019.0799999999999,84.16,934.92,8.26,91.74
Billed Wt,AMD,PNQ,2815.7599999999993,1273.2800000000002,1542.48,45.22,54.78
Billed Wt,AMD,UPT,2866.0000000000023,531.56,2334.440000000001,18.55,81.45
Billed Wt,AMD,VJA,2142.04,868.04,1273.9999999999995,40.52,59.48
Billed Wt,BBI,AMD,164.83999999999995,0.0,164.83999999999995,0.0,100.0
Billed Wt,BBI,BBI,0.0,0.0,0.0,0.0,0.0
Billed Wt,BBI,BLR,584.72,0.0,584.72,0.0,100.0
Billed Wt,BBI,CCU,1161.96,691.72,470.23999999999995,59.53,40.47
Billed Wt,BBI,CHE,254.04,0.0,254.04,0.0,100.0
Billed Wt,BBI,CJB,61.44,0.0,61.44,0.0,100.0
Billed Wt,BBI,COK,73.47999999999999,0.0,73.47999999999999,0.0,100.0
Billed Wt,BBI,DDL,333.91999999999996,0.0,333.91999999999996,0.0,100.0
Billed Wt,BBI,GAU,100.11999999999999,0.0,100.11999999999999,0.0,100.0
Billed Wt,BBI,HHPT,152.04000000000002,0.0,152.04000000000002,0.0,100.0
Billed Wt,BBI,HYD,290.5199999999999,0.0,290.5199999999999,0.0,100.0
Billed Wt,BBI,IDR,100.96000000000001,0.0,100.96000000000001,0.0,100.0
Billed Wt,BBI,JAI,137.16,0.0,137.16,0.0,100.0
Billed Wt,BBI,MUM,439.88000000000005,62.08,377.80000000000007,14.11,85.89
Billed Wt,BBI,NGP,118.72000000000001,0.0,118.72000000000001,0.0,100.0
Billed Wt,BBI,PAT,332.11999999999995,88.6,243.52000000000007,26.68,73.32
Billed Wt,BBI,PNQ,345.0,78.08,266.92,22.63,77.37
Billed Wt,BBI,UPT,207.51999999999995,0.0,207.51999999999995,0.0,100.0
Billed Wt,BBI,VJA,118.92,0.0,118.92,0.0,100.0
Billed Wt,BLR,AMD,1742.88,628.0,1114.8799999999999,36.03,63.97
Billed Wt,BLR,BBI,1108.4000000000003,140.76,967.6400000000002,12.7,87.3
Billed Wt,BLR,BLR,0.0,0.0,0.0,0.0,0.0
Billed Wt,BLR,CCU,2760.2799999999993,758.32,2001.9599999999998,27.47,72.53
Billed Wt,BLR,CHE,5532.919999999999,4286.240000000001,1246.6799999999998,77.47,22.53
Billed Wt,BLR,CJB,2530.3599999999997,1671.44,858.9200000000001,66.06,33.94
Billed Wt,BLR,COK,3488.6000000000004,1868.24,1620.3600000000001,53.55,46.45
Billed Wt,BLR,DDL,2270.48,687.4,1583.0800000000002,30.28,69.72
Billed Wt,BLR,GAU,945.0000000000003,91.12,853.8800000000002,9.64,90.36
Billed Wt,BLR,HHPT,1761.12,280.32,1480.8000000000004,15.92,84.08
Billed Wt,BLR,HYD,5931.319999999999,4492.76,1438.56,75.75,24.25
Billed Wt,BLR,IDR,836.5599999999997,0.0,836.5599999999997,0.0,100.0
Billed Wt,BLR,JAI,1380.9600000000005,372.76,1008.2,26.99,73.01
Billed Wt,BLR,MUM,4448.079999999999,2238.24,2209.8399999999997,50.32,49.68
Billed Wt,BLR,NGP,680.4,0.0,680.4,0.0,100.0
Billed Wt,BLR,PAT,899.1999999999998,0.0,899.1999999999998,0.0,100.0
Billed Wt,BLR,PNQ,4082.72,2606.0400000000004,1476.6799999999996,63.83,36.17
Billed Wt,BLR,UPT,2541.399999999999,352.16,2189.24,13.86,86.14
Billed Wt,BLR,VJA,3540.679999999999,2079.84,1460.84,58.74,41.26
Billed Wt,CCU,AMD,1611.9199999999996,345.56,1266.3599999999992,21.44,78.56
Billed Wt,CCU,BBI,5496.719999999999,4492.719999999999,1004.0000000000001,81.73,18.27
Billed Wt,CCU,BLR,3209.5600000000013,1651.8,1557.7599999999993,51.46,48.54
Billed Wt,CCU,CCU,0.0,0.0,0.0,0.0,0.0
Billed Wt,CCU,CHE,1384.2,131.6,1252.6,9.51,90.49
Billed Wt,CCU,CJB,528.7199999999999,0.0,528.7199999999999,0.0,100.0
Billed Wt,CCU,COK,941.5599999999996,0.0,941.5599999999996,0.0,100.0
Billed Wt,CCU,DDL,2277.3999999999996,883.3200000000002,1394.0800000000002,38.79,61.21
Billed Wt,CCU,GAU,4222.24,2671.4399999999996,1550.8,63.27,36.73
Billed Wt,CCU,HHPT,2337.68,870.0799999999999,1467.6000000000001,37.22,62.78
Billed Wt,CCU,HYD,1885.7599999999993,627.36,1258.3999999999994,33.27,66.73
Billed Wt,CCU,IDR,890.28,145.08,745.1999999999999,16.3,83.7
Billed Wt,CCU,JAI,1573.3999999999999,382.12,1191.28,24.29,75.71
Billed Wt,CCU,MUM,2817.56,721.52,2096.04,25.61,74.39
Billed Wt,CCU,NGP,1068.8,438.88,629.9200000000001,41.06,58.94
Billed Wt,CCU,PAT,3771.399999999999,2283.1199999999994,1488.2800000000002,60.54,39.46
Billed Wt,CCU,PNQ,2002.1200000000003,136.32,1865.8000000000002,6.81,93.19
Billed Wt,CCU,UPT,2580.0800000000004,583.4,1996.6800000000005,22.61,77.39
Billed Wt,CCU,VJA,997.2,150.64,846.5600000000001,15.11,84.89
Billed Wt,CHE,AMD,1074.6000000000004,70.60000000000001,1004.0000000000001,6.57,93.43
Billed Wt,CHE,BBI,715.9600000000002,309.08000000000004,406.88,43.17,56.83
Billed Wt,CHE,BLR,6613.120000000002,4619.6,1993.5200000000004,69.86,30.14
Billed Wt,CHE,CCU,1481.6,556.9200000000001,924.68,37.59,62.41
Billed Wt,CHE,CHE,0.0,0.0,0.0,0.0,0.0
Billed Wt,CHE,CJB,4140.0,3451.48,688.52,83.37,16.63
Billed Wt,CHE,COK,2862.080000000001,1672.1199999999997,1189.96,58.42,41.58
Billed Wt,CHE,DDL,945.0800000000002,0.0,945.0800000000002,0.0,100.0
Billed Wt,CHE,GAU,453.56,0.0,453.56,0.0,100.0
Billed Wt,CHE,HHPT,886.16,0.0,886.16,0.0,100.0
Billed Wt,CHE,HYD,3227.999999999999,1822.9999999999998,1405.0000000000002,56.47,43.53
Billed Wt,CHE,IDR,614.0799999999999,0.0,614.0799999999999,0.0,100.0
Billed Wt,CHE,JAI,825.4399999999998,0.0,825.4399999999998,0.0,100.0
Billed Wt,CHE,MUM,1923.4800000000005,211.28,1712.2000000000003,10.98,89.02
Billed Wt,CHE,NGP,426.79999999999995,0.0,426.79999999999995,0.0,100.0
Billed Wt,CHE,PAT,491.88000000000005,0.0,491.88000000000005,0.0,100.0
Billed Wt,CHE,PNQ,2051.0800000000004,484.1600000000001,1566.9200000000003,23.61,76.39
Billed Wt,CHE,UPT,1079.3999999999999,0.0,1079.3999999999999,0.0,100.0
Billed Wt,CHE,VJA,2984.64,1903.0,1081.6399999999999,63.76,36.24
Billed Wt,CJB,AMD,440.92,0.0,440.92,0.0,100.0
Billed Wt,CJB,BBI,129.51999999999995,0.0,129.51999999999995,0.0,100.0
Billed Wt,CJB,BLR,4288.52,2829.7999999999997,1458.72,65.99,34.01
Billed Wt,CJB,CCU,551.4800000000001,0.0,551.4800000000001,0.0,100.0
Billed Wt,CJB,CHE,4257.919999999999,3681.1999999999994,576.7199999999999,86.46,13.54
Billed Wt,CJB,CJB,0.0,0.0,0.0,0.0,0.0
Billed Wt,CJB,COK,1512.16,242.8,1269.3600000000001,16.06,83.94
Billed Wt,CJB,DDL,477.84000000000003,0.0,477.84000000000003,0.0,100.0
Billed Wt,CJB,GAU,138.76,0.0,138.76,0.0,100.0
Billed Wt,CJB,HHPT,364.11999999999983,66.76,297.3599999999999,18.33,81.67
Billed Wt,CJB,HYD,2104.72,824.24,1280.4799999999998,39.16,60.84
Billed Wt,CJB,IDR,148.72000000000003,0.0,148.72000000000003,0.0,100.0
Billed Wt,CJB,JAI,260.56000000000006,0.0,260.56000000000006,0.0,100.0
Billed Wt,CJB,MUM,1121.7599999999995,0.0,1121.7599999999995,0.0,100.0
Billed Wt,CJB,NGP,136.83999999999997,0.0,136.83999999999997,0.0,100.0
Billed Wt,CJB,PAT,155.68000000000004,0.0,155.68000000000004,0.0,100.0
Billed Wt,CJB,PNQ,670.9999999999999,0.0,670.9999999999999,0.0,100.0
Billed Wt,CJB,UPT,331.16000000000014,0.0,331.16000000000014,0.0,100.0
Billed Wt,CJB,VJA,1770.9200000000003,723.9200000000001,1047.0,40.88,59.12
Billed Wt,COK,AMD,377.20000000000005,0.0,377.20000000000005,0.0,100.0
Billed Wt,COK,BBI,144.83999999999997,0.0,144.83999999999997,0.0,100.0
Billed Wt,COK,BLR,3789.0400000000004,2503.1600000000003,1285.8799999999999,66.06,33.94
Billed Wt,COK,CCU,383.67999999999995,0.0,383.67999999999995,0.0,100.0
Billed Wt,COK,CHE,1972.9999999999995,1004.4,968.5999999999998,50.91,49.09
Billed Wt,COK,CJB,1210.2400000000002,544.84,665.4,45.02,54.98
Billed Wt,COK,COK,0.0,0.0,0.0,0.0,0.0
Billed Wt,COK,DDL,597.84,75.52,522.32,12.63,87.37
Billed Wt,COK,GAU,131.12,0.0,131.12,0.0,100.0
Billed Wt,COK,HHPT,229.88000000000002,0.0,229.88000000000002,0.0,100.0
Billed Wt,COK,HYD,930.6799999999998,87.4,843.2799999999999,9.39,90.61
Billed Wt,COK,IDR,110.76000000000002,0.0,110.76000000000002,0.0,100.0
Billed Wt,COK,JAI,183.67999999999998,0.0,183.67999999999998,0.0,100.0
Billed Wt,COK,MUM,1049.7600000000002,0.0,1049.7600000000002,0.0,100.0
Billed Wt,COK,NGP,89.96000000000001,0.0,89.96000000000001,0.0,100.0
Billed Wt,COK,PAT,70.19999999999999,0.0,70.19999999999999,0.0,100.0
Billed Wt,COK,PNQ,570.4000000000001,86.08,484.32000000000005,15.09,84.91
Billed Wt,COK,UPT,282.64000000000004,0.0,282.64000000000004,0.0,100.0
Billed Wt,COK,VJA,536.3599999999999,0.0,536.3599999999999,0.0,100.0
Billed Wt,DDL,AMD,6481.199999999999,3432.6400000000003,3048.5599999999995,52.96,47.04
Billed Wt,DDL,BBI,4432.04,1799.84,2632.2000000000003,40.61,59.39
Billed Wt,DDL,BLR,16299.68,11945.72,4353.96,73.29,26.71
Billed Wt,DDL,CCU,10600.919999999998,5764.720000000001,4836.200000000002,54.38,45.62
Billed Wt,DDL,CHE,6931.320000000001,3281.92,3649.4000000000005,47.35,52.65
Billed Wt,DDL,CJB,2718.7600000000007,575.4399999999999,2143.3199999999997,21.17,78.83
Billed Wt,DDL,COK,4810.799999999999,1790.8,3020.0,37.22,62.78
Billed Wt,DDL,DDL,0.0,0.0,0.0,0.0,0.0
Billed Wt,DDL,GAU,5117.3200000000015,1517.72,3599.5999999999995,29.66,70.34
Billed Wt,DDL,HHPT,19834.280000000002,16569.239999999998,3265.0399999999995,83.54,16.46
Billed Wt,DDL,HYD,8347.64,5012.68,3334.9599999999996,60.05,39.95
Billed Wt,DDL,IDR,4737.4,2004.28,2733.1200000000003,42.31,57.69
Billed Wt,DDL,JAI,10733.039999999999,8188.039999999999,2545.0,76.29,23.71
Billed Wt,DDL,MUM,13490.240000000003,11521.119999999999,1969.1200000000003,85.4,14.6
Billed Wt,DDL,NGP,3172.84,1513.96,1658.88,47.72,52.28
Billed Wt,DDL,PAT,5811.3200000000015,2350.16,3461.1600000000008,40.44,59.56
Billed Wt,DDL,PNQ,9513.199999999999,6024.28,3488.9199999999996,63.33,36.67
Billed Wt,DDL,UPT,24903.12,19478.799999999996,5424.320000000001,78.22,21.78
Billed Wt,DDL,VJA,4179.4800000000005,1262.04,2917.4399999999996,30.2,69.8
Billed Wt,GAU,AMD,56.68,0.0,56.68,0.0,100.0
Billed Wt,GAU,BBI,58.760000000000005,0.0,58.760000000000005,0.0,100.0
Billed Wt,GAU,BLR,239.43999999999994,0.0,239.43999999999994,0.0,100.0
Billed Wt,GAU,CCU,435.76000000000005,53.16,382.60000000000014,12.2,87.8
Billed Wt,GAU,CHE,74.6,0.0,74.6,0.0,100.0
Billed Wt,GAU,CJB,9.84,0.0,9.84,0.0,100.0
Billed Wt,GAU,COK,28.599999999999998,0.0,28.599999999999998,0.0,100.0
Billed Wt,GAU,DDL,204.07999999999996,0.0,204.07999999999996,0.0,100.0
Billed Wt,GAU,GAU,0.0,0.0,0.0,0.0,0.0
Billed Wt,GAU,HHPT,76.39999999999996,0.0,76.39999999999996,0.0,100.0
Billed Wt,GAU,HYD,101.76000000000002,0.0,101.76000000000002,0.0,100.0
Billed Wt,GAU,IDR,19.640000000000004,0.0,19.640000000000004,0.0,100.0
Billed Wt,GAU,JAI,74.99999999999999,0.0,74.99999999999999,0.0,100.0
Billed Wt,GAU,MUM,171.51999999999998,0.0,171.51999999999998,0.0,100.0
Billed Wt,GAU,NGP,16.68,0.0,16.68,0.0,100.0
Billed Wt,GAU,PAT,102.32,49.84,52.48,48.71,51.29
Billed Wt,GAU,PNQ,88.39999999999999,0.0,88.39999999999999,0.0,100.0
Billed Wt,GAU,UPT,109.19999999999999,0.0,109.19999999999999,0.0,100.0
Billed Wt,GAU,VJA,35.720000000000006,0.0,35.720000000000006,0.0,100.0
Billed Wt,HHPT,AMD,1703.6799999999996,544.04,1159.6400000000003,31.93,68.07
Billed Wt,HHPT,BBI,1265.9199999999998,413.32000000000005,852.5999999999998,32.65,67.35
Billed Wt,HHPT,BLR,3321.6,840.6400000000001,2480.96,25.31,74.69
Billed Wt,HHPT,CCU,2866.3999999999987,1186.9199999999998,1679.48,41.41,58.59
Billed Wt,HHPT,CHE,1462.8000000000004,0.0,1462.8000000000004,0.0,100.0
Billed Wt,HHPT,CJB,897.6800000000001,187.60000000000002,710.08,20.9,79.1
Billed Wt,HHPT,COK,1297.6399999999996,182.32,1115.32,14.05,85.95
Billed Wt,HHPT,DDL,5481.04,5079.84,401.20000000000005,92.68,7.32
Billed Wt,HHPT,GAU,1364.28,347.72,1016.5600000000001,25.49,74.51
Billed Wt,HHPT,HHPT,0.0,0.0,0.0,0.0,0.0
Billed Wt,HHPT,HYD,1816.28,190.12,1626.1599999999999,10.47,89.53
Billed Wt,HHPT,IDR,1075.8799999999999,255.16000000000003,820.7199999999999,23.72,76.28
Billed Wt,HHPT,JAI,2578.8799999999997,1158.52,1420.3599999999994,44.92,55.08
Billed Wt,HHPT,MUM,3260.16,1296.8799999999999,1963.2799999999995,39.78,60.22
Billed Wt,HHPT,NGP,798.6399999999999,127.8,670.8399999999999,16.0,84.0
Billed Wt,HHPT,PAT,1410.84,260.68,1150.1600000000003,18.48,81.52
Billed Wt,HHPT,PNQ,2351.480000000001,392.43999999999994,1959.0399999999993,16.69,83.31
Billed Wt,HHPT,UPT,6547.84,3677.32,2870.52,56.16,43.84
Billed Wt,HHPT,VJA,1041.8799999999999,116.2,925.6799999999997,11.15,88.85
Billed Wt,HYD,AMD,778.56,0.0,778.56,0.0,100.0
Billed Wt,HYD,BBI,661.8,174.6,487.20000000000005,26.38,73.62
Billed Wt,HYD,BLR,5321.840000000001,3367.64,1954.2000000000003,63.28,36.72
Billed Wt,HYD,CCU,1056.3600000000001,141.92000000000002,914.44,13.43,86.57
Billed Wt,HYD,CHE,2149.88,384.08000000000004,1765.8000000000002,17.87,82.13
Billed Wt,HYD,CJB,730.9599999999999,0.0,730.9599999999999,0.0,100.0
Billed Wt,HYD,COK,1013.84,0.0,1013.84,0.0,100.0
Billed Wt,HYD,DDL,1015.4000000000001,0.0,1015.4000000000001,0.0,100.0
Billed Wt,HYD,GAU,477.84000000000015,0.0,477.84000000000015,0.0,100.0
Billed Wt,HYD,HHPT,705.7600000000002,0.0,705.7600000000002,0.0,100.0
Billed Wt,HYD,HYD,0.0,0.0,0.0,0.0,0.0
Billed Wt,HYD,IDR,319.71999999999997,0.0,319.71999999999997,0.0,100.0
Billed Wt,HYD,JAI,537.76,0.0,537.76,0.0,100.0
Billed Wt,HYD,MUM,1943.2399999999998,140.28,1802.9599999999998,7.22,92.78
Billed Wt,HYD,NGP,385.03999999999996,0.0,385.03999999999996,0.0,100.0
Billed Wt,HYD,PAT,601.9600000000004,175.6,426.36,29.17,70.83
Billed Wt,HYD,PNQ,1639.96,153.92000000000002,1486.0400000000002,9.39,90.61
Billed Wt,HYD,UPT,1170.0399999999995,143.92000000000002,1026.12,12.3,87.7
Billed Wt,HYD,VJA,11566.8,10754.359999999999,812.44,92.98,7.02
Billed Wt,IDR,AMD,426.76,0.0,426.76,0.0,100.0
Billed Wt,IDR,BBI,187.39999999999992,0.0,187.39999999999992,0.0,100.0
Billed Wt,IDR,BLR,1129.7600000000002,186.2,943.5599999999998,16.48,83.52
Billed Wt,IDR,CCU,441.40000000000015,0.0,441.40000000000015,0.0,100.0
Billed Wt,IDR,CHE,526.2800000000002,0.0,526.2800000000002,0.0,100.0
Billed Wt,IDR,CJB,140.96,0.0,140.96,0.0,100.0
Billed Wt,IDR,COK,176.64000000000001,0.0,176.64000000000001,0.0,100.0
Billed Wt,IDR,DDL,649.8000000000001,0.0,649.8000000000001,0.0,100.0
Billed Wt,IDR,GAU,203.24000000000004,0.0,203.24000000000004,0.0,100.0
Billed Wt,IDR,HHPT,545.84,0.0,545.84,0.0,100.0
Billed Wt,IDR,HYD,504.31999999999994,68.64,435.67999999999995,13.61,86.39
Billed Wt,IDR,IDR,0.0,0.0,0.0,0.0,0.0
Billed Wt,IDR,JAI,470.08000000000015,135.2,334.8800000000001,28.76,71.24
Billed Wt,IDR,MUM,1144.96,310.6,834.3599999999998,27.13,72.87
Billed Wt,IDR,NGP,391.19999999999993,0.0,391.19999999999993,0.0,100.0
Billed Wt,IDR,PAT,247.19999999999996,0.0,247.19999999999996,0.0,100.0
Billed Wt,IDR,PNQ,783.2399999999998,68.56,714.68,8.75,91.25
Billed Wt,IDR,UPT,1264.2799999999993,480.79999999999995,783.4799999999998,38.03,61.97
Billed Wt,IDR,VJA,271.64,0.0,271.64,0.0,100.0
Billed Wt,JAI,AMD,1306.84,425.0,881.8399999999999,32.52,67.48
Billed Wt,JAI,BBI,614.32,94.76,519.5600000000001,15.43,84.57
Billed Wt,JAI,BLR,2574.5999999999995,1177.5600000000002,1397.04,45.74,54.26
Billed Wt,JAI,CCU,1724.2000000000003,588.28,1135.92,34.12,65.88
Billed Wt,JAI,CHE,1173.96,160.04,1013.9200000000001,13.63,86.37
Billed Wt,JAI,CJB,651.0,174.84,476.16,26.86,73.14
Billed Wt,JAI,COK,1032.6400000000003,159.48,873.1600000000004,15.44,84.56
Billed Wt,JAI,DDL,1974.4799999999996,1206.92,767.5600000000001,61.13,38.87
Billed Wt,JAI,GAU,739.9999999999998,118.04,621.9599999999998,15.95,84.05
Billed Wt,JAI,HHPT,2261.8399999999997,922.1200000000001,1339.72,40.77,59.23
Billed Wt,JAI,HYD,1767.9599999999994,434.48,1333.4799999999996,24.58,75.42
Billed Wt,JAI,IDR,779.56,162.88,616.68,20.89,79.11
Billed Wt,JAI,JAI,0.0,0.0,0.0,0.0,0.0
Billed Wt,JAI,MUM,2468.96,1077.8,1391.16,43.65,56.35
Billed Wt,JAI,NGP,508.24,0.0,508.24,0.0,100.0
Billed Wt,JAI,PAT,802.0000000000001,75.72,726.2800000000001,9.44,90.56
Billed Wt,JAI,PNQ,1698.5199999999998,439.04,1259.4799999999998,25.85,74.15
Billed Wt,JAI,UPT,2412.3999999999987,681.64,1730.7599999999998,28.26,71.74
Billed Wt,JAI,VJA,883.9999999999998,80.32,803.6799999999998,9.09,90.91
Billed Wt,MUM,AMD,4107.319999999999,2622.3199999999997,1484.9999999999995,63.85,36.15
Billed Wt,MUM,BBI,2015.8400000000001,813.2,1202.6399999999999,40.34,59.66
Billed Wt,MUM,BLR,7795.239999999998,5085.92,2709.3200000000006,65.24,34.76
Billed Wt,MUM,CCU,6007.120000000001,3901.8399999999997,2105.2799999999997,64.95,35.05
Billed Wt,MUM,CHE,3824.2,1839.92,1984.2800000000002,48.11,51.89
Billed Wt,MUM,CJB,1809.3999999999996,700.68,1108.7199999999998,38.72,61.28
Billed Wt,MUM,COK,2859.16,1029.84,1829.3200000000004,36.02,63.98
Billed Wt,MUM,DDL,4256.4,3135.6399999999994,1120.76,73.67,26.33
Billed Wt,MUM,GAU,1937.2399999999998,544.4000000000001,1392.84,28.1,71.9
Billed Wt,MUM,HHPT,3918.520000000001,1344.1999999999998,2574.320000000001,34.3,65.7
Billed Wt,MUM,HYD,4517.08,2642.44,1874.64,58.5,41.5
Billed Wt,MUM,IDR,2753.6,1458.68,1294.92,52.97,47.03
Billed Wt,MUM,JAI,2848.5600000000004,1015.08,1833.4799999999996,35.63,64.37
Billed Wt,MUM,MUM,0.0,0.0,0.0,0.0,0.0
Billed Wt,MUM,NGP,2348.64,1375.6799999999998,972.96,58.57,41.43
Billed Wt,MUM,PAT,2137.1999999999994,610.0,1527.2,28.54,71.46
Billed Wt,MUM,PNQ,9030.399999999998,6664.44,2365.96,73.8,26.2
Billed Wt,MUM,UPT,5409.44,2180.88,3228.559999999999,40.32,59.68
Billed Wt,MUM,VJA,2701.72,906.36,1795.3599999999997,33.55,66.45
Billed Wt,NGP,AMD,228.96000000000004,0.0,228.96000000000004,0.0,100.0
Billed Wt,NGP,BBI,104.91999999999999,0.0,104.91999999999999,0.0,100.0
Billed Wt,NGP,BLR,397.36000000000007,0.0,397.36000000000007,0.0,100.0
Billed Wt,NGP,CCU,220.5999999999999,0.0,220.5999999999999,0.0,100.0
Billed Wt,NGP,CHE,239.84000000000003,41.24,198.60000000000002,17.19,82.81
Billed Wt,NGP,CJB,60.16000000000002,0.0,60.16000000000002,0.0,100.0
Billed Wt,NGP,COK,48.55999999999999,0.0,48.55999999999999,0.0,100.0
Billed Wt,NGP,DDL,204.96,0.0,204.96,0.0,100.0
Billed Wt,NGP,GAU,47.71999999999999,0.0,47.71999999999999,0.0,100.0
Billed Wt,NGP,HHPT,166.8799999999999,0.0,166.8799999999999,0.0,100.0
Billed Wt,NGP,HYD,172.00000000000003,0.0,172.00000000000003,0.0,100.0
Billed Wt,NGP,IDR,145.07999999999998,0.0,145.07999999999998,0.0,100.0
Billed Wt,NGP,JAI,115.00000000000001,0.0,115.00000000000001,0.0,100.0
Billed Wt,NGP,MUM,578.8,96.92,481.87999999999977,16.74,83.26
Billed Wt,NGP,NGP,0.0,0.0,0.0,0.0,0.0
Billed Wt,NGP,PAT,63.56000000000001,0.0,63.56000000000001,0.0,100.0
Billed Wt,NGP,PNQ,593.3199999999998,0.0,593.3199999999998,0.0,100.0
Billed Wt,NGP,UPT,166.32000000000002,0.0,166.32000000000002,0.0,100.0
Billed Wt,NGP,VJA,67.68,0.0,67.68,0.0,100.0
Billed Wt,PAT,AMD,192.12,0.0,192.12,0.0,100.0
Billed Wt,PAT,BBI,323.12,0.0,323.12,0.0,100.0
Billed Wt,PAT,BLR,592.2800000000001,0.0,592.2800000000001,0.0,100.0
Billed Wt,PAT,CCU,914.0,337.48,576.52,36.92,63.08
Billed Wt,PAT,CHE,204.36,0.0,204.36,0.0,100.0
Billed Wt,PAT,CJB,58.080000000000005,0.0,58.080000000000005,0.0,100.0
Billed Wt,PAT,COK,61.43999999999999,0.0,61.43999999999999,0.0,100.0
Billed Wt,PAT,DDL,617.92,244.48000000000002,373.44,39.56,60.44
Billed Wt,PAT,GAU,137.16000000000005,0.0,137.16000000000005,0.0,100.0
Billed Wt,PAT,HHPT,170.47999999999993,0.0,170.47999999999993,0.0,100.0
Billed Wt,PAT,HYD,306.96,102.4,204.56,33.36,66.64
Billed Wt,PAT,IDR,157.84,0.0,157.84,0.0,100.0
Billed Wt,PAT,JAI,149.63999999999996,0.0,149.63999999999996,0.0,100.0
Billed Wt,PAT,MUM,472.0400000000001,46.52,425.52000000000004,9.86,90.14
Billed Wt,PAT,NGP,94.44000000000001,0.0,94.44000000000001,0.0,100.0
Billed Wt,PAT,PAT,0.0,0.0,0.0,0.0,0.0
Billed Wt,PAT,PNQ,329.76,73.52,256.24,22.3,77.7
Billed Wt,PAT,UPT,401.32,105.52000000000001,295.79999999999995,26.29,73.71
Billed Wt,PAT,VJA,80.60000000000001,0.0,80.60000000000001,0.0,100.0
Billed Wt,PNQ,AMD,1902.8400000000004,915.76,987.0800000000002,48.13,51.87
Billed Wt,PNQ,BBI,957.5199999999999,312.24,645.2799999999999,32.61,67.39
Billed Wt,PNQ,BLR,4449.039999999999,2307.12,2141.9199999999996,51.86,48.14
Billed Wt,PNQ,CCU,2509.799999999999,1199.5600000000002,1310.24,47.8,52.2
Billed Wt,PNQ,CHE,2114.4,717.0799999999999,1397.3200000000004,33.91,66.09
Billed Wt,PNQ,CJB,710.6800000000001,196.0,514.6800000000001,27.58,72.42
Billed Wt,PNQ,COK,885.2,192.64,692.5600000000002,21.76,78.24
Billed Wt,PNQ,DDL,1714.6800000000003,381.68,1333.0000000000005,22.26,77.74
Billed Wt,PNQ,GAU,613.5600000000002,89.96,523.6000000000001,14.66,85.34
Billed Wt,PNQ,HHPT,1686.3999999999999,115.56,1570.84,6.85,93.15
Billed Wt,PNQ,HYD,1946.4800000000002,310.48,1635.9999999999998,15.95,84.05
Billed Wt,PNQ,IDR,2143.7200000000003,1441.96,701.76,67.26,32.74
Billed Wt,PNQ,JAI,1404.0799999999997,273.0,1131.08,19.44,80.56
Billed Wt,PNQ,MUM,5072.6,3569.44,1503.1599999999999,70.37,29.63
Billed Wt,PNQ,NGP,1900.0400000000004,1088.3600000000001,811.6800000000001,57.28,42.72
Billed Wt,PNQ,PAT,942.9600000000005,0.0,942.9600000000005,0.0,100.0
Billed Wt,PNQ,PNQ,0.0,0.0,0.0,0.0,0.0
Billed Wt,PNQ,UPT,2056.5999999999995,217.76,1838.8399999999995,10.59,89.41
Billed Wt,PNQ,VJA,1251.48,374.56000000000006,876.9199999999998,29.93,70.07
Billed Wt,UPT,AMD,1378.64,272.56,1106.0799999999997,19.77,80.23
Billed Wt,UPT,BBI,853.12,216.88,636.2400000000001,25.42,74.58
Billed Wt,UPT,BLR,3522.279999999999,1728.4400000000003,1793.8400000000001,49.07,50.93
Billed Wt,UPT,CCU,2233.7200000000003,561.52,1672.2,25.14,74.86
Billed Wt,UPT,CHE,1554.3200000000002,195.92000000000002,1358.3999999999999,12.6,87.4
Billed Wt,UPT,CJB,528.96,0.0,528.96,0.0,100.0
Billed Wt,UPT,COK,868.2800000000003,0.0,868.2800000000003,0.0,100.0
Billed Wt,UPT,DDL,4495.959999999999,3970.08,525.88,88.3,11.7
Billed Wt,UPT,GAU,926.5999999999998,0.0,926.5999999999998,0.0,100.0
Billed Wt,UPT,HHPT,3830.2000000000003,1912.0000000000002,1918.1999999999996,49.92,50.08
Billed Wt,UPT,HYD,1702.2400000000002,451.15999999999997,1251.0799999999997,26.5,73.5
Billed Wt,UPT,IDR,1151.3200000000002,234.60000000000002,916.7200000000003,20.38,79.62
Billed Wt,UPT,JAI,2550.519999999999,1168.8799999999999,1381.6399999999996,45.83,54.17
Billed Wt,UPT,MUM,3215.3599999999997,1289.0,1926.3599999999997,40.09,59.91
Billed Wt,UPT,NGP,846.52,332.44,514.08,39.27,60.73
Billed Wt,UPT,PAT,1234.5200000000002,193.4,1041.1200000000001,15.67,84.33
Billed Wt,UPT,PNQ,2241.76,852.6,1389.1599999999996,38.03,61.97
Billed Wt,UPT,UPT,0.0,0.0,0.0,0.0,0.0
Billed Wt,UPT,VJA,830.2799999999999,0.0,830.2799999999999,0.0,100.0
Billed Wt,VJA,AMD,237.04,0.0,237.04,0.0,100.0
Billed Wt,VJA,BBI,162.32,0.0,162.32,0.0,100.0
Billed Wt,VJA,BLR,2246.8799999999997,498.64,1748.24,22.19,77.81
Billed Wt,VJA,CCU,261.0800000000001,0.0,261.0800000000001,0.0,100.0
Billed Wt,VJA,CHE,1232.6800000000003,0.0,1232.6800000000003,0.0,100.0
Billed Wt,VJA,CJB,320.48,0.0,320.48,0.0,100.0
Billed Wt,VJA,COK,175.6,0.0,175.6,0.0,100.0
Billed Wt,VJA,DDL,270.44,0.0,270.44,0.0,100.0
Billed Wt,VJA,GAU,73.24000000000002,0.0,73.24000000000002,0.0,100.0
Billed Wt,VJA,HHPT,137.56000000000003,0.0,137.56000000000003,0.0,100.0
Billed Wt,VJA,HYD,7162.48,5673.679999999999,1488.8,79.21,20.79
Billed Wt,VJA,IDR,94.68,0.0,94.68,0.0,100.0
Billed Wt,VJA,JAI,149.60000000000002,0.0,149.60000000000002,0.0,100.0
Billed Wt,VJA,MUM,644.9200000000002,0.0,644.9200000000002,0.0,100.0
Billed Wt,VJA,NGP,71.24,0.0,71.24,0.0,100.0
Billed Wt,VJA,PAT,59.55999999999999,0.0,59.55999999999999,0.0,100.0
Billed Wt,VJA,PNQ,425.88000000000005,0.0,425.88000000000005,0.0,100.0
Billed Wt,VJA,UPT,196.23999999999995,0.0,196.23999999999995,0.0,100.0
Billed Wt,VJA,VJA,0.0,0.0,0.0,0.0,0.0
Volume,AMD,AMD,0.0,0.0,0.0,0.0,0.0
Volume,AMD,BBI,307.92,0.0,307.92,0.0,100.0
Volume,AMD,BLR,1622.1199999999997,735.08,887.04,45.32,54.68
Volume,AMD,CCU,856.8000000000001,46.28,810.52,5.4,94.6
Volume,AMD,CHE,656.9999999999999,45.96,611.0399999999998,7.0,93.0
Volume,AMD,CJB,359.84000000000003,53.28,306.56000000000006,14.81,85.19
Volume,AMD,COK,801.3199999999999,138.64000000000001,662.6799999999998,17.3,82.7
Volume,AMD,DDL,656.0,94.96,561.0400000000001,14.48,85.52
Volume,AMD,GAU,215.76000000000013,0.0,215.76000000000013,0.0,100.0
Volume,AMD,HHPT,690.88,46.6,644.28,6.75,93.25
Volume,AMD,HYD,1483.1200000000003,844.6800000000001,638.4399999999997,56.95,43.05
Volume,AMD,IDR,356.8000000000001,0.0,356.8000000000001,0.0,100.0
Volume,AMD,JAI,550.64,0.0,550.64,0.0,100.0
Volume,AMD,MUM,1009.8000000000002,171.24,838.5600000000002,16.96,83.04
Volume,AMD,NGP,269.68,0.0,269.68,0.0,100.0
Volume,AMD,PAT,289.8800000000001,0.0,289.8800000000001,0.0,100.0
Volume,AMD,PNQ,1034.9599999999998,339.84,695.1199999999998,32.84,67.16
Volume,AMD,UPT,835.5200000000002,48.32,787.2000000000002,5.78,94.22
Volume,AMD,VJA,931.5600000000001,335.72,595.84,36.04,63.96
Volume,BBI,AMD,48.15999999999998,0.0,48.15999999999998,0.0,100.0
Volume,BBI,BBI,0.0,0.0,0.0,0.0,0.0
Volume,BBI,BLR,160.60000000000002,0.0,160.60000000000002,0.0,100.0
Volume,BBI,CCU,217.72000000000003,0.0,217.72000000000003,0.0,100.0
Volume,BBI,CHE,59.79999999999998,0.0,59.79999999999998,0.0,100.0
Volume,BBI,CJB,14.079999999999995,0.0,14.079999999999995,0.0,100.0
Volume,BBI,COK,18.079999999999995,0.0,18.079999999999995,0.0,100.0
Volume,BBI,DDL,91.76000000000002,0.0,91.76000000000002,0.0,100.0
Volume,BBI,GAU,22.599999999999984,0.0,22.599999999999984,0.0,100.0
Volume,BBI,HHPT,43.19999999999999,0.0,43.19999999999999,0.0,100.0
Volume,BBI,HYD,79.71999999999997,0.0,79.71999999999997,0.0,100.0
Volume,BBI,IDR,20.679999999999993,0.0,20.679999999999993,0.0,100.0
Volume,BBI,JAI,30.919999999999998,0.0,30.919999999999998,0.0,100.0
Volume,BBI,MUM,121.20000000000005,0.0,121.20000000000005,0.0,100.0
Volume,BBI,NGP,26.279999999999998,0.0,26.279999999999998,0.0,100.0
Volume,BBI,PAT,44.35999999999999,0.0,44.35999999999999,0.0,100.0
Volume,BBI,PNQ,69.12,0.0,69.12,0.0,100.0
Volume,BBI,UPT,50.159999999999975,0.0,50.159999999999975,0.0,100.0
Volume,BBI,VJA,30.799999999999986,0.0,30.799999999999986,0.0,100.0
Volume,BLR,AMD,614.64,131.0,483.6400000000001,21.31,78.69
Volume,BLR,BBI,280.0800000000002,0.0,280.0800000000002,0.0,100.0
Volume,BLR,BLR,0.0,0.0,0.0,0.0,0.0
Volume,BLR,CCU,643.8400000000004,0.0,643.8400000000004,0.0,100.0
Volume,BLR,CHE,1420.2400000000002,571.28,848.9599999999999,40.22,59.78
Volume,BLR,CJB,702.76,293.88000000000005,408.88000000000005,41.82,58.18
Volume,BLR,COK,1101.7600000000002,401.48,700.2800000000001,36.44,63.56
Volume,BLR,DDL,649.3599999999999,52.84,596.52,8.14,91.86
Volume,BLR,GAU,191.44000000000014,0.0,191.44000000000014,0.0,100.0
Volume,BLR,HHPT,512.0400000000001,34.559999999999995,477.48,6.75,93.25
Volume,BLR,HYD,1736.2799999999997,987.7999999999998,748.48,56.89,43.11
Volume,BLR,IDR,248.60000000000002,0.0,248.60000000000002,0.0,100.0
Volume,BLR,JAI,381.24000000000007,0.0,381.24000000000007,0.0,100.0
Volume,BLR,MUM,1603.7999999999995,586.5200000000001,1017.2800000000001,36.57,63.43
Volume,BLR,NGP,217.51999999999998,0.0,217.51999999999998,0.0,100.0
Volume,BLR,PAT,234.76,0.0,234.76,0.0,100.0
Volume,BLR,PNQ,1080.3600000000001,385.67999999999995,694.6799999999995,35.7,64.3
Volume,BLR,UPT,650.68,0.0,650.68,0.0,100.0
Volume,BLR,VJA,1123.5600000000002,538.52,585.04,47.93,52.07
Volume,CCU,AMD,460.3600000000001,51.04,409.3200000000001,11.09,88.91
Volume,CCU,BBI,750.5600000000001,215.67999999999998,534.8800000000002,28.74,71.26
Volume,CCU,BLR,1019.9599999999997,353.32000000000005,666.6399999999996,34.64,65.36
Volume,CCU,CCU,0.0,0.0,0.0,0.0,0.0
Volume,CCU,CHE,402.9599999999999,0.0,402.9599999999999,0.0,100.0
Volume,CCU,CJB,153.03999999999994,0.0,153.03999999999994,0.0,100.0
Volume,CCU,COK,267.52,0.0,267.52,0.0,100.0
Volume,CCU,DDL,603.2399999999999,0.0,603.2399999999999,0.0,100.0
Volume,CCU,GAU,652.12,235.83999999999997,416.2799999999999,36.17,63.83
Volume,CCU,HHPT,376.6400000000001,0.0,376.6400000000001,0.0,100.0
Volume,CCU,HYD,520.6,91.96000000000001,428.63999999999993,17.66,82.34
Volume,CCU,IDR,225.88000000000008,0.0,225.88000000000008,0.0,100.0
Volume,CCU,JAI,329.68000000000006,0.0,329.68000000000006,0.0,100.0
Volume,CCU,MUM,1055.4,251.79999999999998,803.5999999999999,23.86,76.14
Volume,CCU,NGP,226.60000000000002,0.0,226.60000000000002,0.0,100.0
Volume,CCU,PAT,732.7199999999993,197.51999999999998,535.1999999999997,26.96,73.04
Volume,CCU,PNQ,582.0799999999998,48.44,533.64,8.32,91.68
Volume,CCU,UPT,592.7600000000001,0.0,592.7600000000001,0.0,100.0
Volume,CCU,VJA,240.88000000000005,0.0,240.88000000000005,0.0,100.0
Volume,CHE,AMD,208.84,0.0,208.84,0.0,100.0
Volume,CHE,BBI,106.60000000000002,0.0,106.60000000000002,0.0,100.0
Volume,CHE,BLR,1889.6800000000012,995.9599999999999,893.7199999999998,52.71,47.29
Volume,CHE,CCU,245.71999999999997,0.0,245.71999999999997,0.0,100.0
Volume,CHE,CHE,0.0,0.0,0.0,0.0,0.0
Volume,CHE,CJB,892.2800000000001,414.80000000000007,477.47999999999996,46.49,53.51
Volume,CHE,COK,724.32,56.4,667.9200000000001,7.79,92.21
Volume,CHE,DDL,216.36000000000004,0.0,216.36000000000004,0.0,100.0
Volume,CHE,GAU,75.55999999999996,0.0,75.55999999999996,0.0,100.0
Volume,CHE,HHPT,158.51999999999998,0.0,158.51999999999998,0.0,100.0
Volume,CHE,HYD,1117.9199999999998,322.88,795.0399999999998,28.88,71.12
Volume,CHE,IDR,95.35999999999999,0.0,95.35999999999999,0.0,100.0
Volume,CHE,JAI,128.32000000000002,0.0,128.32000000000002,0.0,100.0
Volume,CHE,MUM,524.8000000000002,0.0,524.8000000000002,0.0,100.0
Volume,CHE,NGP,70.72,0.0,70.72,0.0,100.0
Volume,CHE,PAT,78.08000000000001,0.0,78.08000000000001,0.0,100.0
Volume,CHE,PNQ,390.99999999999994,0.0,390.99999999999994,0.0,100.0
Volume,CHE,UPT,192.84,0.0,192.84,0.0,100.0
Volume,CHE,VJA,913.9999999999999,290.08000000000004,623.92,31.74,68.26
Volume,CJB,AMD,164.72000000000003,0.0,164.72000000000003,0.0,100.0
Volume,CJB,BBI,48.59999999999998,0.0,48.59999999999998,0.0,100.0
Volume,CJB,BLR,1679.2799999999997,802.6,876.6799999999998,47.79,52.21
Volume,CJB,CCU,146.64,0.0,146.64,0.0,100.0
Volume,CJB,CHE,1313.1599999999999,790.44,522.7200000000001,60.19,39.81
Volume,CJB,CJB,0.0,0.0,0.0,0.0,0.0
Volume,CJB,COK,701.0400000000002,117.92,583.12,16.82,83.18
Volume,CJB,DDL,159.8,0.0,159.8,0.0,100.0
Volume,CJB,GAU,31.519999999999982,0.0,31.519999999999982,0.0,100.0
Volume,CJB,HHPT,116.87999999999998,0.0,116.87999999999998,0.0,100.0
Volume,CJB,HYD,658.5600000000002,81.4,577.1600000000002,12.36,87.64
Volume,CJB,IDR,51.28000000000001,0.0,51.28000000000001,0.0,100.0
Volume,CJB,JAI,87.36000000000003,0.0,87.36000000000003,0.0,100.0
Volume,CJB,MUM,438.11999999999995,0.0,438.11999999999995,0.0,100.0
Volume,CJB,NGP,48.040000000000006,0.0,48.040000000000006,0.0,100.0
Volume,CJB,PAT,35.679999999999986,0.0,35.679999999999986,0.0,100.0
Volume,CJB,PNQ,241.1600000000001,0.0,241.1600000000001,0.0,100.0
Volume,CJB,UPT,114.55999999999997,0.0,114.55999999999997,0.0,100.0
Volume,CJB,VJA,429.11999999999995,0.0,429.11999999999995,0.0,100.0
Volume,COK,AMD,161.6,0.0,161.6,0.0,100.0
Volume,COK,BBI,41.75999999999999,0.0,41.75999999999999,0.0,100.0
Volume,COK,BLR,1801.7600000000004,883.52,918.2399999999999,49.04,50.96
Volume,COK,CCU,118.32000000000004,0.0,118.32000000000004,0.0,100.0
Volume,COK,CHE,825.5600000000003,124.64,700.9200000000002,15.1,84.9
Volume,COK,CJB,717.4000000000001,295.44,421.96,41.18,58.82
Volume,COK,COK,0.0,0.0,0.0,0.0,0.0
Volume,COK,DDL,180.00000000000003,0.0,180.00000000000003,0.0,100.0
Volume,COK,GAU,50.11999999999997,0.0,50.11999999999997,0.0,100.0
Volume,COK,HHPT,84.12000000000002,0.0,84.12000000000002,0.0,100.0
Volume,COK,HYD,384.2000000000001,0.0,384.2000000000001,0.0,100.0
Volume,COK,IDR,48.599999999999994,0.0,48.599999999999994,0.0,100.0
Volume,COK,JAI,67.40000000000002,0.0,67.40000000000002,0.0,100.0
Volume,COK,MUM,441.52000000000015,0.0,441.52000000000015,0.0,100.0
Volume,COK,NGP,39.84000000000001,0.0,39.84000000000001,0.0,100.0
Volume,COK,PAT,29.839999999999982,0.0,29.839999999999982,0.0,100.0
Volume,COK,PNQ,202.95999999999992,0.0,202.95999999999992,0.0,100.0
Volume,COK,UPT,107.75999999999996,0.0,107.75999999999996,0.0,100.0
Volume,COK,VJA,222.95999999999998,0.0,222.95999999999998,0.0,100.0
Volume,DDL,AMD,2634.8800000000006,1635.24,999.64,62.06,37.94
Volume,DDL,BBI,1144.6799999999998,169.88,974.8000000000002,14.84,85.16
Volume,DDL,BLR,4922.68,3037.6400000000003,1885.0399999999997,61.71,38.29
Volume,DDL,CCU,2923.56,624.0,2299.5599999999995,21.34,78.66
Volume,DDL,CHE,1858.2,261.0,1597.1999999999998,14.05,85.95
Volume,DDL,CJB,815.8800000000001,105.68,710.1999999999999,12.95,87.05
Volume,DDL,COK,1684.5199999999995,102.44,1582.0799999999997,6.08,93.92
Volume,DDL,DDL,0.0,0.0,0.0,0.0,0.0
Volume,DDL,GAU,1232.8799999999994,343.6,889.2799999999997,27.87,72.13
Volume,DDL,HHPT,6337.039999999997,4631.880000000001,1705.1599999999996,73.09,26.91
Volume,DDL,HYD,2802.8799999999997,1200.48,1602.4,42.83,57.17
Volume,DDL,IDR,1399.96,419.36,980.6000000000001,29.96,70.04
Volume,DDL,JAI,3312.000000000001,1892.76,1419.2399999999998,57.15,42.85
Volume,DDL,MUM,5221.560000000003,4086.040000000001,1135.52,78.25,21.75
Volume,DDL,NGP,948.2800000000001,200.07999999999998,748.2000000000002,21.1,78.9
Volume,DDL,PAT,1482.88,399.08000000000004,1083.7999999999997,26.91,73.09
Volume,DDL,PNQ,3220.0399999999986,1849.96,1370.0800000000004,57.45,42.55
Volume,DDL,UPT,6967.799999999997,4349.04,2618.7599999999993,62.42,37.58
Volume,DDL,VJA,1273.4399999999996,244.04,1029.4,19.16,80.84
Volume,GAU,AMD,20.24,0.0,20.24,0.0,100.0
Volume,GAU,BBI,9.879999999999999,0.0,9.879999999999999,0.0,100.0
Volume,GAU,BLR,70.00000000000003,0.0,70.00000000000003,0.0,100.0
Volume,GAU,CCU,119.16000000000003,0.0,119.16000000000003,0.0,100.0
Volume,GAU,CHE,21.559999999999995,0.0,21.559999999999995,0.0,100.0
Volume,GAU,CJB,4.120000000000001,0.0,4.120000000000001,0.0,100.0
Volume,GAU,COK,7.480000000000002,0.0,7.480000000000002,0.0,100.0
Volume,GAU,DDL,59.0,0.0,59.0,0.0,100.0
Volume,GAU,GAU,0.0,0.0,0.0,0.0,0.0
Volume,GAU,HHPT,17.519999999999985,0.0,17.519999999999985,0.0,100.0
Volume,GAU,HYD,23.119999999999994,0.0,23.119999999999994,0.0,100.0
Volume,GAU,IDR,6.760000000000002,0.0,6.760000000000002,0.0,100.0
Volume,GAU,JAI,20.839999999999982,0.0,20.839999999999982,0.0,100.0
Volume,GAU,MUM,52.32,0.0,52.32,0.0,100.0
Volume,GAU,NGP,5.720000000000001,0.0,5.720000000000001,0.0,100.0
Volume,GAU,PAT,13.439999999999996,0.0,13.439999999999996,0.0,100.0
Volume,GAU,PNQ,26.15999999999999,0.0,26.15999999999999,0.0,100.0
Volume,GAU,UPT,23.559999999999988,0.0,23.559999999999988,0.0,100.0
Volume,GAU,VJA,5.6000000000000005,0.0,5.6000000000000005,0.0,100.0
Volume,HHPT,AMD,619.2800000000001,63.64,555.6399999999999,10.28,89.72
Volume,HHPT,BBI,266.84000000000003,0.0,266.84000000000003,0.0,100.0
Volume,HHPT,BLR,971.08,66.84,904.2399999999999,6.88,93.12
Volume,HHPT,CCU,727.72,0.0,727.72,0.0,100.0
Volume,HHPT,CHE,398.72,0.0,398.72,0.0,100.0
Volume,HHPT,CJB,229.56,0.0,229.56,0.0,100.0
Volume,HHPT,COK,420.07999999999987,0.0,420.07999999999987,0.0,100.0
Volume,HHPT,DDL,2188.6400000000003,1661.6800000000003,526.96,75.92,24.08
Volume,HHPT,GAU,283.36,0.0,283.36,0.0,100.0
Volume,HHPT,HHPT,0.0,0.0,0.0,0.0,0.0
Volume,HHPT,HYD,544.04,0.0,544.04,0.0,100.0
Volume,HHPT,IDR,333.55999999999995,0.0,333.55999999999995,0.0,100.0
Volume,HHPT,JAI,989.8399999999999,133.2,856.64,13.46,86.54
Volume,HHPT,MUM,1113.3600000000001,61.92,1051.4400000000003,5.56,94.44
Volume,HHPT,NGP,253.71999999999997,0.0,253.71999999999997,0.0,100.0
Volume,HHPT,PAT,319.03999999999996,0.0,319.03999999999996,0.0,100.0
Volume,HHPT,PNQ,762.6800000000001,58.0,704.68,7.6,92.4
Volume,HHPT,UPT,1895.1999999999996,494.04,1401.1599999999996,26.07,73.93
Volume,HHPT,VJA,259.08,0.0,259.08,0.0,100.0
Volume,HYD,AMD,245.00000000000003,0.0,245.00000000000003,0.0,100.0
Volume,HYD,BBI,176.76,0.0,176.76,0.0,100.0
Volume,HYD,BLR,1804.6399999999996,365.24,1439.3999999999996,20.24,79.76
Volume,HYD,CCU,297.08000000000004,0.0,297.08000000000004,0.0,100.0
Volume,HYD,CHE,701.08,0.0,701.08,0.0,100.0
Volume,HYD,CJB,236.76000000000002,0.0,236.76000000000002,0.0,100.0
Volume,HYD,COK,296.5599999999999,0.0,296.5599999999999,0.0,100.0
Volume,HYD,DDL,273.3999999999999,0.0,273.3999999999999,0.0,100.0
Volume,HYD,GAU,88.91999999999999,0.0,88.91999999999999,0.0,100.0
Volume,HYD,HHPT,209.48000000000005,0.0,209.48000000000005,0.0,100.0
Volume,HYD,HYD,0.0,0.0,0.0,0.0,0.0
Volume,HYD,IDR,101.96000000000002,0.0,101.96000000000002,0.0,100.0
Volume,HYD,JAI,158.56,0.0,158.56,0.0,100.0
Volume,HYD,MUM,636.4800000000004,0.0,636.4800000000004,0.0,100.0
Volume,HYD,NGP,114.19999999999999,0.0,114.19999999999999,0.0,100.0
Volume,HYD,PAT,100.19999999999997,0.0,100.19999999999997,0.0,100.0
Volume,HYD,PNQ,508.03999999999996,0.0,508.03999999999996,0.0,100.0
Volume,HYD,UPT,274.24000000000007,0.0,274.24000000000007,0.0,100.0
Volume,HYD,VJA,4642.92,3698.6800000000003,944.2400000000002,79.66,20.34
Volume,IDR,AMD,190.16000000000003,0.0,190.16000000000003,0.0,100.0
Volume,IDR,BBI,54.600000000000016,0.0,54.600000000000016,0.0,100.0
Volume,IDR,BLR,338.8000000000001,0.0,338.8000000000001,0.0,100.0
Volume,IDR,CCU,136.5600000000001,0.0,136.5600000000001,0.0,100.0
Volume,IDR,CHE,137.07999999999998,0.0,137.07999999999998,0.0,100.0
Volume,IDR,CJB,46.99999999999999,0.0,46.99999999999999,0.0,100.0
Volume,IDR,COK,63.76,0.0,63.76,0.0,100.0
Volume,IDR,DDL,240.56,0.0,240.56,0.0,100.0
Volume,IDR,GAU,39.75999999999999,0.0,39.75999999999999,0.0,100.0
Volume,IDR,HHPT,164.40000000000003,0.0,164.40000000000003,0.0,100.0
Volume,IDR,HYD,171.99999999999997,0.0,171.99999999999997,0.0,100.0
Volume,IDR,IDR,0.0,0.0,0.0,0.0,0.0
Volume,IDR,JAI,169.64000000000001,0.0,169.64000000000001,0.0,100.0
Volume,IDR,MUM,405.20000000000005,0.0,405.20000000000005,0.0,100.0
Volume,IDR,NGP,120.76000000000003,0.0,120.76000000000003,0.0,100.0
Volume,IDR,PAT,64.80000000000003,0.0,64.80000000000003,0.0,100.0
Volume,IDR,PNQ,277.15999999999997,28.24,248.92000000000007,10.19,89.81
Volume,IDR,UPT,302.8800000000001,72.92,229.96000000000004,24.08,75.92
Volume,IDR,VJA,68.99999999999999,0.0,68.99999999999999,0.0,100.0
Volume,JAI,AMD,664.0800000000002,209.64,454.4400000000001,31.57,68.43
Volume,JAI,BBI,234.56,0.0,234.56,0.0,100.0
Volume,JAI,BLR,1210.3999999999996,433.56000000000006,776.8400000000003,35.82,64.18
Volume,JAI,CCU,725.1199999999998,39.36,685.7599999999999,5.43,94.57
Volume,JAI,CHE,566.52,0.0,566.52,0.0,100.0
Volume,JAI,CJB,292.68,37.48,255.2,12.81,87.19
Volume,JAI,COK,594.04,72.32,521.7199999999999,12.17,87.83
Volume,JAI,DDL,988.0000000000001,353.2,634.8000000000001,35.75,64.25
Volume,JAI,GAU,226.72000000000008,0.0,226.72000000000008,0.0,100.0
Volume,JAI,HHPT,975.0000000000001,88.72,886.2800000000002,9.1,90.9
Volume,JAI,HYD,856.8000000000002,119.36,737.4400000000002,13.93,86.07
Volume,JAI,IDR,403.44,36.8,366.64,9.12,90.88
Volume,JAI,JAI,0.0,0.0,0.0,0.0,0.0
Volume,JAI,MUM,1227.64,337.15999999999997,890.48,27.46,72.54
Volume,JAI,NGP,262.47999999999996,0.0,262.47999999999996,0.0,100.0
Volume,JAI,PAT,298.4800000000001,0.0,298.4800000000001,0.0,100.0
Volume,JAI,PNQ,816.68,165.04,651.6399999999996,20.21,79.79
Volume,JAI,UPT,1049.3200000000004,115.47999999999999,933.8400000000003,11.01,88.99
Volume,JAI,VJA,412.04000000000013,0.0,412.04000000000013,0.0,100.0
Volume,MUM,AMD,1748.1600000000003,1028.9199999999998,719.2399999999997,58.86,41.14
Volume,MUM,BBI,577.3200000000002,0.0,577.3200000000002,0.0,100.0
Volume,MUM,BLR,2683.8399999999992,1565.4800000000002,1118.36,58.33,41.67
Volume,MUM,CCU,1582.9600000000005,109.03999999999999,1473.9200000000005,6.89,93.11
Volume,MUM,CHE,1113.9200000000003,123.32,990.5999999999999,11.07,88.93
Volume,MUM,CJB,561.7199999999999,80.16,481.56000000000006,14.27,85.73
Volume,MUM,COK,1228.0800000000002,225.96,1002.1200000000002,18.4,81.6
Volume,MUM,DDL,1460.2800000000004,569.24,891.0399999999998,38.98,61.02
Volume,MUM,GAU,486.4800000000002,72.64,413.8400000000002,14.93,85.07
Volume,MUM,HHPT,1312.96,213.92000000000002,1099.0399999999997,16.29,83.71
Volume,MUM,HYD,1567.9599999999998,598.52,969.4399999999998,38.17,61.83
Volume,MUM,IDR,870.3599999999999,363.88,506.4800000000001,41.81,58.19
Volume,MUM,JAI,939.9999999999999,56.64,883.36,6.03,93.97
Volume,MUM,MUM,0.0,0.0,0.0,0.0,0.0
Volume,MUM,NGP,701.8000000000001,259.6,442.20000000000005,36.99,63.01
Volume,MUM,PAT,605.76,0.0,605.76,0.0,100.0
Volume,MUM,PNQ,3132.6399999999994,1996.0400000000002,1136.6,63.72,36.28
Volume,MUM,UPT,1620.5599999999986,132.6,1487.9599999999994,8.18,91.82
Volume,MUM,VJA,775.2400000000002,71.76,703.4800000000002,9.26,90.74
Volume,NGP,AMD,72.48,0.0,72.48,0.0,100.0
Volume,NGP,BBI,37.079999999999984,0.0,37.079999999999984,0.0,100.0
Volume,NGP,BLR,149.2000000000001,0.0,149.2000000000001,0.0,100.0
Volume,NGP,CCU,62.83999999999998,0.0,62.83999999999998,0.0,100.0
Volume,NGP,CHE,55.35999999999999,0.0,55.35999999999999,0.0,100.0
Volume,NGP,CJB,19.440000000000005,0.0,19.440000000000005,0.0,100.0
Volume,NGP,COK,19.919999999999995,0.0,19.919999999999995,0.0,100.0
Volume,NGP,DDL,78.60000000000001,0.0,78.60000000000001,0.0,100.0
Volume,NGP,GAU,15.11999999999999,0.0,15.11999999999999,0.0,100.0
Volume,NGP,HHPT,55.439999999999976,0.0,55.439999999999976,0.0,100.0
Volume,NGP,HYD,73.63999999999999,0.0,73.63999999999999,0.0,100.0
Volume,NGP,IDR,64.55999999999999,0.0,64.55999999999999,0.0,100.0
Volume,NGP,JAI,40.83999999999998,0.0,40.83999999999998,0.0,100.0
Volume,NGP,MUM,221.31999999999988,0.0,221.31999999999988,0.0,100.0
Volume,NGP,NGP,0.0,0.0,0.0,0.0,0.0
Volume,NGP,PAT,24.96,0.0,24.96,0.0,100.0
Volume,NGP,PNQ,216.95999999999998,0.0,216.95999999999998,0.0,100.0
Volume,NGP,UPT,65.44,0.0,65.44,0.0,100.0
Volume,NGP,VJA,27.839999999999993,0.0,27.839999999999993,0.0,100.0
Volume,PAT,AMD,67.68000000000002,0.0,67.68000000000002,0.0,100.0
Volume,PAT,BBI,61.07999999999999,0.0,61.07999999999999,0.0,100.0
Volume,PAT,BLR,165.23999999999998,0.0,165.23999999999998,0.0,100.0
Volume,PAT,CCU,229.92000000000002,0.0,229.92000000000002,0.0,100.0
Volume,PAT,CHE,48.0,0.0,48.0,0.0,100.0
Volume,PAT,CJB,15.999999999999991,0.0,15.999999999999991,0.0,100.0
Volume,PAT,COK,37.479999999999976,0.0,37.479999999999976,0.0,100.0
Volume,PAT,DDL,145.8,0.0,145.8,0.0,100.0
Volume,PAT,GAU,31.24,0.0,31.24,0.0,100.0
Volume,PAT,HHPT,55.879999999999995,0.0,55.879999999999995,0.0,100.0
Volume,PAT,HYD,59.319999999999986,0.0,59.319999999999986,0.0,100.0
Volume,PAT,IDR,32.039999999999985,0.0,32.039999999999985,0.0,100.0
Volume,PAT,JAI,49.39999999999999,0.0,49.39999999999999,0.0,100.0
Volume,PAT,MUM,141.07999999999998,0.0,141.07999999999998,0.0,100.0
Volume,PAT,NGP,24.0,0.0,24.0,0.0,100.0
Volume,PAT,PAT,0.0,0.0,0.0,0.0,0.0
Volume,PAT,PNQ,92.60000000000005,0.0,92.60000000000005,0.0,100.0
Volume,PAT,UPT,93.23999999999998,0.0,93.23999999999998,0.0,100.0
Volume,PAT,VJA,18.0,0.0,18.0,0.0,100.0
Volume,PNQ,AMD,574.96,50.2,524.76,8.73,91.27
Volume,PNQ,BBI,196.76000000000005,0.0,196.76000000000005,0.0,100.0
Volume,PNQ,BLR,1208.7599999999993,230.35999999999999,978.4000000000001,19.06,80.94
Volume,PNQ,CCU,443.39999999999986,0.0,443.39999999999986,0.0,100.0
Volume,PNQ,CHE,411.96,0.0,411.96,0.0,100.0
Volume,PNQ,CJB,141.68000000000004,0.0,141.68000000000004,0.0,100.0
Volume,PNQ,COK,217.20000000000002,0.0,217.20000000000002,0.0,100.0
Volume,PNQ,DDL,518.9200000000001,0.0,518.9200000000001,0.0,100.0
Volume,PNQ,GAU,113.24000000000007,0.0,113.24000000000007,0.0,100.0
Volume,PNQ,HHPT,423.63999999999993,0.0,423.63999999999993,0.0,100.0
Volume,PNQ,HYD,540.28,0.0,540.28,0.0,100.0
Volume,PNQ,IDR,249.16000000000005,0.0,249.16000000000005,0.0,100.0
Volume,PNQ,JAI,338.2,0.0,338.2,0.0,100.0
Volume,PNQ,MUM,2155.5999999999995,1216.0799999999997,939.5199999999999,56.41,43.59
Volume,PNQ,NGP,413.8,133.68,280.12,32.31,67.69
Volume,PNQ,PAT,188.27999999999997,0.0,188.27999999999997,0.0,100.0
Volume,PNQ,PNQ,0.0,0.0,0.0,0.0,0.0
Volume,PNQ,UPT,518.4,0.0,518.4,0.0,100.0
Volume,PNQ,VJA,222.55999999999997,0.0,222.55999999999997,0.0,100.0
Volume,UPT,AMD,635.1599999999999,128.20000000000002,506.9600000000002,20.18,79.82
Volume,UPT,BBI,264.24000000000007,0.0,264.24000000000007,0.0,100.0
Volume,UPT,BLR,1155.8000000000002,275.32000000000005,880.4800000000006,23.82,76.18
Volume,UPT,CCU,734.4800000000001,0.0,734.4800000000001,0.0,100.0
Volume,UPT,CHE,521.24,52.64,468.6000000000001,10.1,89.9
Volume,UPT,CJB,193.40000000000003,0.0,193.40000000000003,0.0,100.0
Volume,UPT,COK,349.84,0.0,349.84,0.0,100.0
Volume,UPT,DDL,1736.6000000000004,1251.72,484.88,72.08,27.92
Volume,UPT,GAU,238.76000000000005,0.0,238.76000000000005,0.0,100.0
Volume,UPT,HHPT,1304.1200000000006,308.84,995.2799999999999,23.68,76.32
Volume,UPT,HYD,630.8799999999998,67.52000000000001,563.3599999999999,10.7,89.3
Volume,UPT,IDR,397.32000000000005,0.0,397.32000000000005,0.0,100.0
Volume,UPT,JAI,780.1199999999999,153.88,626.2400000000002,19.73,80.27
Volume,UPT,MUM,1209.84,299.84000000000003,910.0000000000007,24.78,75.22
Volume,UPT,NGP,249.48000000000002,0.0,249.48000000000002,0.0,100.0
Volume,UPT,PAT,406.32000000000005,0.0,406.32000000000005,0.0,100.0
Volume,UPT,PNQ,791.3599999999998,73.68,717.6799999999998,9.31,90.69
Volume,UPT,UPT,0.0,0.0,0.0,0.0,0.0
Volume,UPT,VJA,265.43999999999994,0.0,265.43999999999994,0.0,100.0
Volume,VJA,AMD,89.28000000000002,0.0,89.28000000000002,0.0,100.0
Volume,VJA,BBI,67.52,0.0,67.52,0.0,100.0
Volume,VJA,BLR,1085.0400000000002,171.2,913.8399999999998,15.78,84.22
Volume,VJA,CCU,74.72000000000004,0.0,74.72000000000004,0.0,100.0
Volume,VJA,CHE,535.8799999999999,0.0,535.8799999999999,0.0,100.0
Volume,VJA,CJB,125.16000000000003,0.0,125.16000000000003,0.0,100.0
Volume,VJA,COK,76.20000000000003,0.0,76.20000000000003,0.0,100.0
Volume,VJA,DDL,86.08,0.0,86.08,0.0,100.0
Volume,VJA,GAU,12.639999999999992,0.0,12.639999999999992,0.0,100.0
Volume,VJA,HHPT,37.43999999999999,0.0,37.43999999999999,0.0,100.0
Volume,VJA,HYD,4198.12,3222.399999999999,975.72,76.76,23.24
Volume,VJA,IDR,22.8,0.0,22.8,0.0,100.0
Volume,VJA,JAI,38.43999999999998,0.0,38.43999999999998,0.0,100.0
Volume,VJA,MUM,194.79999999999995,0.0,194.79999999999995,0.0,100.0
Volume,VJA,NGP,25.719999999999995,0.0,25.719999999999995,0.0,100.0
Volume,VJA,PAT,15.119999999999992,0.0,15.119999999999992,0.0,100.0
Volume,VJA,PNQ,125.47999999999998,0.0,125.47999999999998,0.0,100.0
Volume,VJA,UPT,49.91999999999999,0.0,49.91999999999999,0.0,100.0
Volume,VJA,VJA,0.0,0.0,0.0,0.0,0.0
