Region,A01,A02,A03,A04,A05,A07,A11,A16,A17,A18,A24,A27,A33,A36,A38,A44,A45,A46,A47,A48,A49,A50,A51,B01,B02,B03,B05,B06,B07,B08,B09,B10,B11,B113,B13,B14,B16,B18,B19,B26,B27,B32,B35,B36,B37,B38,B39,B41,B42,B43,B47,B50,B51,B53,B58,B59,B61,B62,B63,B64,B65,B68,B95,C02,C08,C13,C14,C15,C20,C22,C30,C36,C37,C38,C42,C47,C48,C50,C53,C57,C59,C60,C73,C74,E01,E02,E03,E04,E05,E06,E07,E08,E09,E10,E11,E16,E20,E21,E23,E24,H07,H08,H09,H10,H11,H13,H17,H37,H42,H48,H53,H70,H71,H74,H75,H79,H80,H90,H91,H92,H96,H98,I01,I02,I03,I04,I07,I08,I10,I11,I16,I19,I20,I24,I29,I30,I34,I39,I40,I41,I42,I43,I44,I45,I46,I48,J01,J02,J03,J04,J05,J06,J07,J08,J10,J11,J12,J13,J14,J15,J16,J17,J18,J19,J20,J21,J25,J26,J29,J36,J37,J39,J48,J50,J54,K01,K03,K04,K05,K06,K07,K08,K104,K119,K129,K132,K14,K15,K16,K22,K23,K26,K27,K28,K29,K32,K37,K39,K40,K45,K51,K54,K56,K63,K65,K66,K68,K72,K74,K75,K79,K81,K82,K84,K85,K88,K89,K95,K96,L01,L02,L03,L04,L05,L23,L27,L28,M01,M02,M04,M05,M06,M07,M08,M10,M33,M35,M39,M45,M46,M47,M48,M54,M57,M59,M61,M63,M66,M68,M69,M78,M80,M82,M85,M87,N02,N03,N05,N09,N10,N11,N15,N17,N20,N24,N30,N31,N32,N33,N35,N37,N38,N42,O01,O02,O03,O04,O05,O06,O07,O08,O09,O11,O12,O13,O14,O17,O21,O23,O25,O60,O88,O89,O90,O93,P01,P04,P06,P08,P09,P10,P11,P12,P13,P15,P16,P17,P19,P20,P21,P22,P24,P25,P26,P27,P28,P29,P32,P38,P44,P50,P56,P57,P58,P60,P61,P62,P65,P71,P72,P73,P74,Q01,Q02,Q03,Q04,Q05,Q06,Q07,Q09,Q10,Q11,Q12,Q13,Q14,Q16,Q17,Q18,Q34,Q35,Q40,Q41,Q43,Q44,Q48,R01,R02,R04,R05,R06,R07,R08,R10,R11,R12,R13,R16,R17,R19,R28,R29,R32,S01,S02,S03,S04,S09,S17,S25,S26,S27,T01,T02,T03,T04,T05,T06,T07,T09,T10,T13,T14,T15,T16,T17,T18,T26,T32,T34,T35,T36,T38,T39,T40,T42,T85,T86,T87,T88,T89,U01,U02,U03,U04,U06,U07,U09,U10,U11,U110,U12,U13,U130,U133,U135,U139,U14,U140,U141,U142,U143,U145,U15,U16,U17,U18,U19,U20,U21,U22,U23,U24,U25,U26,U27,U28,U30,U31,U43,U44,U45,U48,U77,U78,U79,U83,U95,V01,V02,V04,V05,V06,V07,V08,V09,V10,V11,V12,V13,V15,V16,V21,V22,V24,V32,V57,V58,W02,W03,W04,W05,W06,W07,W08,W09,W10,W12,W14,W15,W21,W22,W23,W40,W52,W53,W54,W57,X01,X02,X03,X04,X05,X06,X07,X10,X11,X12,X13,X14,X15,X17,X18,X19,X21,X22,X23,X25,X26,X27,X28,X29,X30,X32,X33,X34,X35,X36,X37,X38,X39,X40,X41,Total
AMD,395.0,3296.0,5727.0,2526.0,3052.0,1729.0,5965.0,2030.0,3621.0,2354.0,4390.0,930.0,804.0,6277.0,1390.0,976.0,296.0,5785.0,629.0,2910.0,426.0,1160.0,242.0,1630.0,1725.0,1517.0,909.0,3531.0,3418.0,2902.0,2671.0,14.0,1963.0,0.0,306.0,726.0,1105.0,809.0,1153.0,1708.0,735.0,1435.0,4312.0,99.0,0.0,775.0,443.0,388.0,421.0,832.0,533.0,744.0,442.0,669.0,1624.0,3276.0,2229.0,221.0,315.0,284.0,332.0,946.0,234.0,891.0,966.0,1673.0,1145.0,1495.0,2.0,867.0,1026.0,1086.0,1272.0,1286.0,4.0,1789.0,1956.0,560.0,1182.0,560.0,384.0,131.0,202.0,1052.0,1927.0,1043.0,1118.0,2005.0,310.0,1537.0,408.0,1849.0,550.0,395.0,596.0,470.0,157.0,2464.0,867.0,187.0,1538.0,2043.0,2921.0,828.0,2594.0,9.0,1135.0,1014.0,1062.0,1928.0,1037.0,4654.0,2183.0,1842.0,1292.0,3014.0,3688.0,2035.0,1125.0,731.0,1248.0,577.0,51.0,1012.0,819.0,1304.0,496.0,1261.0,640.0,217.0,321.0,453.0,317.0,2.0,160.0,128.0,246.0,131.0,788.0,334.0,1911.0,1074.0,237.0,199.0,2342.0,19.0,1381.0,1574.0,2817.0,1069.0,1377.0,147.0,1085.0,1254.0,1813.0,413.0,1083.0,1414.0,297.0,717.0,744.0,276.0,783.0,515.0,335.0,864.0,942.0,1131.0,0.0,255.0,501.0,399.0,455.0,483.0,489.0,1204.0,243.0,766.0,1977.0,1577.0,1569.0,1007.0,47.0,143.0,221.0,0.0,649.0,861.0,5.0,679.0,826.0,0.0,138.0,669.0,275.0,667.0,432.0,1112.0,702.0,715.0,143.0,140.0,45.0,260.0,0.0,594.0,755.0,941.0,1358.0,1369.0,319.0,2291.0,162.0,44.0,388.0,665.0,311.0,2.0,0.0,0.0,1864.0,1316.0,2387.0,660.0,1206.0,1216.0,99.0,3382.0,1482.0,1372.0,2321.0,1558.0,3017.0,2589.0,407.0,2.0,240.0,2407.0,1701.0,1807.0,3172.0,1175.0,1575.0,621.0,1375.0,1992.0,785.0,1385.0,921.0,0.0,1620.0,59.0,0.0,1286.0,1482.0,1639.0,1539.0,857.0,1606.0,882.0,2405.0,1047.0,2579.0,0.0,1.0,2226.0,1215.0,1916.0,810.0,1357.0,1370.0,1085.0,814.0,575.0,1913.0,949.0,1970.0,1642.0,1835.0,1054.0,999.0,1130.0,579.0,1633.0,1503.0,208.0,134.0,198.0,1132.0,271.0,597.0,585.0,457.0,568.0,407.0,11.0,4768.0,890.0,939.0,1465.0,868.0,1135.0,2454.0,369.0,1953.0,661.0,510.0,3805.0,1015.0,239.0,1732.0,2094.0,533.0,159.0,2056.0,123.0,180.0,309.0,660.0,0.0,1956.0,436.0,412.0,284.0,193.0,218.0,241.0,746.0,57.0,152.0,425.0,149.0,1547.0,2100.0,1376.0,2153.0,0.0,1854.0,501.0,1401.0,326.0,807.0,809.0,468.0,524.0,865.0,1498.0,156.0,582.0,1344.0,132.0,220.0,46.0,236.0,913.0,1.0,581.0,565.0,1190.0,2424.0,692.0,927.0,200.0,1661.0,688.0,384.0,0.0,690.0,457.0,360.0,210.0,2496.0,1286.0,1903.0,970.0,2436.0,1289.0,678.0,0.0,667.0,1497.0,1363.0,2092.0,1533.0,1052.0,452.0,357.0,350.0,416.0,593.0,534.0,2.0,210.0,147.0,6.0,84.0,295.0,1273.0,283.0,0.0,286.0,110.0,153.0,199.0,297.0,133.0,34.0,51.0,60.0,316.0,705.0,1068.0,2776.0,1340.0,1404.0,1260.0,1573.0,1426.0,1390.0,39.0,280.0,1049.0,921.0,320.0,151.0,1237.0,557.0,137.0,215.0,106.0,652.0,160.0,596.0,837.0,258.0,586.0,425.0,319.0,499.0,607.0,638.0,599.0,609.0,376.0,232.0,364.0,1071.0,203.0,198.0,223.0,255.0,1179.0,227.0,229.0,307.0,84.0,291.0,1324.0,2569.0,1315.0,2284.0,0.0,898.0,2959.0,1498.0,1290.0,667.0,610.0,1089.0,954.0,1789.0,390.0,297.0,381.0,282.0,1068.0,3911.0,1731.0,627.0,620.0,564.0,513.0,753.0,235.0,394.0,0.0,764.0,195.0,138.0,635.0,402.0,425.0,231.0,1484.0,3.0,0.0,356.0,36.0,518.0,473.0,0.0,305.0,236.0,144.0,524.0,3.0,103.0,224.0,87.0,233.0,338.0,180.0,179.0,242.0,1653.0,99.0,187.0,126.0,175.0,71.0,115.0,95.0,111.0,71.0,152.0,287.0,0.0,27.0,126.0,72.0,5.0,6.0,499524.0
BBI,25.0,134.0,250.0,85.0,283.0,78.0,280.0,139.0,318.0,39.0,405.0,15.0,34.0,519.0,74.0,50.0,8.0,268.0,25.0,99.0,30.0,96.0,8.0,57.0,70.0,79.0,25.0,1625.0,277.0,528.0,248.0,12.0,250.0,0.0,5.0,74.0,36.0,20.0,105.0,267.0,62.0,117.0,1086.0,42.0,0.0,16.0,11.0,4.0,9.0,37.0,23.0,13.0,17.0,28.0,433.0,436.0,434.0,2.0,10.0,6.0,35.0,123.0,6.0,52.0,71.0,511.0,330.0,93.0,5.0,28.0,65.0,715.0,280.0,235.0,0.0,299.0,433.0,127.0,171.0,36.0,15.0,26.0,18.0,120.0,183.0,61.0,40.0,113.0,9.0,90.0,12.0,71.0,10.0,22.0,16.0,17.0,6.0,204.0,10.0,1.0,143.0,384.0,272.0,451.0,133.0,0.0,18.0,13.0,33.0,142.0,13.0,767.0,163.0,284.0,55.0,281.0,274.0,237.0,45.0,24.0,217.0,22.0,3.0,78.0,63.0,20.0,5.0,70.0,23.0,8.0,5.0,45.0,14.0,0.0,2.0,10.0,4.0,2.0,22.0,36.0,136.0,81.0,5.0,44.0,210.0,2.0,97.0,89.0,223.0,69.0,22.0,4.0,242.0,34.0,121.0,12.0,32.0,124.0,9.0,34.0,41.0,18.0,22.0,22.0,17.0,132.0,36.0,119.0,0.0,12.0,54.0,11.0,5.0,22.0,16.0,1604.0,24.0,716.0,1328.0,416.0,699.0,304.0,1.0,62.0,27.0,0.0,401.0,97.0,2.0,278.0,72.0,2.0,25.0,219.0,14.0,109.0,68.0,1343.0,315.0,106.0,17.0,9.0,12.0,71.0,19.0,62.0,1590.0,544.0,200.0,393.0,20.0,539.0,8.0,6.0,56.0,1187.0,116.0,1.0,0.0,0.0,734.0,433.0,845.0,34.0,169.0,232.0,1.0,673.0,383.0,526.0,493.0,441.0,632.0,612.0,105.0,0.0,95.0,331.0,331.0,137.0,146.0,156.0,571.0,36.0,231.0,155.0,50.0,374.0,164.0,0.0,189.0,7.0,0.0,154.0,216.0,231.0,392.0,328.0,304.0,359.0,352.0,77.0,333.0,0.0,0.0,726.0,330.0,754.0,139.0,347.0,48.0,19.0,80.0,9.0,37.0,23.0,147.0,30.0,74.0,11.0,7.0,8.0,7.0,15.0,54.0,4.0,0.0,3.0,72.0,2.0,3.0,11.0,0.0,9.0,5.0,0.0,743.0,28.0,24.0,72.0,18.0,35.0,418.0,16.0,102.0,10.0,5.0,222.0,27.0,1.0,97.0,443.0,28.0,4.0,198.0,2.0,5.0,6.0,20.0,0.0,198.0,37.0,26.0,6.0,5.0,32.0,5.0,79.0,2.0,1.0,23.0,1.0,142.0,101.0,74.0,109.0,0.0,117.0,62.0,75.0,4.0,148.0,43.0,12.0,35.0,27.0,110.0,13.0,106.0,93.0,1.0,18.0,2.0,6.0,32.0,0.0,46.0,16.0,90.0,933.0,236.0,233.0,86.0,218.0,17.0,2.0,0.0,121.0,352.0,6.0,52.0,341.0,506.0,357.0,231.0,1136.0,200.0,184.0,0.0,166.0,246.0,123.0,703.0,1088.0,266.0,49.0,37.0,30.0,118.0,83.0,24.0,0.0,12.0,9.0,0.0,10.0,24.0,324.0,53.0,1.0,14.0,12.0,12.0,17.0,36.0,14.0,7.0,4.0,8.0,37.0,43.0,74.0,166.0,155.0,47.0,43.0,70.0,77.0,129.0,1.0,14.0,49.0,66.0,12.0,8.0,93.0,14.0,4.0,14.0,1.0,48.0,4.0,22.0,39.0,13.0,75.0,25.0,12.0,119.0,52.0,80.0,9.0,40.0,16.0,33.0,4.0,77.0,5.0,31.0,55.0,5.0,53.0,10.0,13.0,4.0,3.0,6.0,72.0,596.0,35.0,88.0,0.0,13.0,119.0,57.0,19.0,68.0,55.0,41.0,81.0,849.0,5.0,11.0,24.0,35.0,40.0,248.0,7033.0,2802.0,2698.0,3339.0,2567.0,3151.0,873.0,2585.0,4.0,2236.0,911.0,762.0,2563.0,1740.0,1928.0,940.0,7705.0,56.0,0.0,1739.0,1.0,24.0,29.0,0.0,30.0,19.0,0.0,61.0,0.0,2.0,10.0,9.0,20.0,30.0,5.0,17.0,33.0,400.0,7.0,16.0,8.0,9.0,5.0,8.0,11.0,8.0,7.0,15.0,26.0,0.0,3.0,6.0,6.0,0.0,2.0,112978.0
BLR,277.0,1260.0,2228.0,1235.0,1722.0,702.0,2664.0,592.0,2308.0,714.0,2350.0,229.0,412.0,3296.0,665.0,534.0,113.0,2999.0,254.0,1189.0,258.0,606.0,43.0,17223.0,25167.0,26833.0,8388.0,31742.0,37133.0,24178.0,35846.0,402.0,16861.0,1.0,4729.0,8728.0,13217.0,13224.0,11062.0,18211.0,6403.0,3306.0,31531.0,140.0,64.0,11556.0,7279.0,5676.0,4581.0,11708.0,6184.0,15706.0,1054.0,8226.0,23979.0,30598.0,19641.0,1790.0,3517.0,3966.0,866.0,9206.0,4304.0,2055.0,2561.0,8278.0,5574.0,2858.0,346.0,1916.0,3000.0,5283.0,5300.0,3272.0,1023.0,6187.0,3770.0,1368.0,3456.0,1179.0,860.0,381.0,440.0,3175.0,4809.0,2762.0,2504.0,5299.0,743.0,3695.0,931.0,4522.0,1087.0,762.0,899.0,1991.0,307.0,7703.0,1645.0,459.0,3463.0,5099.0,4519.0,3805.0,3622.0,1376.0,1476.0,1272.0,1293.0,3254.0,1087.0,11452.0,3457.0,3783.0,1683.0,5038.0,5348.0,2931.0,1615.0,938.0,2284.0,925.0,49.0,746.0,381.0,592.0,191.0,935.0,358.0,170.0,117.0,265.0,172.0,0.0,80.0,78.0,203.0,96.0,382.0,220.0,1567.0,957.0,121.0,89.0,1609.0,6.0,1234.0,956.0,2192.0,522.0,704.0,99.0,621.0,645.0,1092.0,228.0,448.0,1178.0,195.0,405.0,373.0,135.0,563.0,440.0,262.0,822.0,685.0,779.0,1.0,151.0,336.0,267.0,164.0,322.0,255.0,1270.0,151.0,457.0,2164.0,1089.0,1265.0,786.0,33.0,86.0,165.0,0.0,608.0,575.0,8.0,404.0,518.0,0.0,124.0,524.0,103.0,415.0,274.0,1429.0,551.0,389.0,113.0,54.0,85.0,173.0,20.0,395.0,1166.0,691.0,734.0,1275.0,151.0,1218.0,60.0,43.0,247.0,1019.0,145.0,2.0,0.0,1.0,4938.0,1691.0,3898.0,523.0,1372.0,2213.0,32.0,5944.0,2851.0,3612.0,4037.0,4212.0,4387.0,5153.0,472.0,0.0,318.0,2248.0,2427.0,1868.0,3038.0,1838.0,3623.0,439.0,2420.0,2260.0,337.0,2255.0,1774.0,0.0,2184.0,99.0,0.0,1240.0,2247.0,1819.0,2253.0,721.0,1800.0,2273.0,2618.0,889.0,2367.0,0.0,2.0,3178.0,1883.0,3147.0,924.0,1392.0,753.0,732.0,927.0,982.0,3368.0,1891.0,4525.0,3439.0,4906.0,2140.0,2026.0,2364.0,1265.0,2377.0,2682.0,276.0,208.0,394.0,2784.0,699.0,1141.0,1169.0,770.0,1314.0,601.0,66.0,6816.0,976.0,573.0,1588.0,931.0,1572.0,4944.0,395.0,2624.0,474.0,372.0,3027.0,564.0,126.0,2388.0,4284.0,406.0,123.0,2778.0,102.0,127.0,288.0,344.0,0.0,2265.0,438.0,388.0,162.0,174.0,182.0,262.0,684.0,34.0,142.0,438.0,91.0,1359.0,1184.0,733.0,1053.0,0.0,1357.0,274.0,682.0,167.0,454.0,445.0,361.0,298.0,441.0,1332.0,76.0,555.0,815.0,120.0,228.0,21.0,116.0,740.0,0.0,382.0,359.0,732.0,1581.0,517.0,742.0,177.0,1876.0,442.0,248.0,0.0,368.0,275.0,211.0,141.0,1848.0,2461.0,1651.0,1671.0,4135.0,1567.0,1220.0,0.0,1038.0,1198.0,1012.0,1914.0,1527.0,754.0,355.0,286.0,280.0,235.0,383.0,316.0,0.0,153.0,124.0,0.0,109.0,217.0,1275.0,198.0,0.0,186.0,79.0,83.0,117.0,148.0,121.0,46.0,45.0,32.0,321.0,649.0,749.0,2038.0,912.0,714.0,784.0,1211.0,1171.0,1136.0,36.0,225.0,712.0,692.0,118.0,119.0,1051.0,401.0,82.0,124.0,76.0,643.0,112.0,486.0,525.0,180.0,444.0,276.0,252.0,446.0,385.0,537.0,442.0,314.0,206.0,135.0,143.0,1076.0,156.0,145.0,128.0,189.0,881.0,134.0,121.0,124.0,48.0,175.0,2958.0,3766.0,2919.0,2563.0,0.0,2414.0,4768.0,2666.0,1811.0,915.0,808.0,2154.0,1236.0,2425.0,1250.0,662.0,1344.0,721.0,1195.0,6263.0,1320.0,505.0,665.0,507.0,465.0,464.0,139.0,334.0,0.0,418.0,181.0,108.0,730.0,294.0,298.0,217.0,1636.0,22.0,0.0,340.0,12.0,390.0,250.0,1.0,326.0,304.0,114.0,384.0,0.0,67.0,142.0,58.0,183.0,220.0,139.0,171.0,210.0,1546.0,54.0,168.0,76.0,77.0,74.0,80.0,104.0,182.0,32.0,128.0,230.0,0.0,13.0,98.0,80.0,7.0,2.0,1062604.0
CCU,149.0,765.0,1202.0,692.0,1014.0,356.0,1678.0,664.0,1274.0,362.0,1776.0,183.0,211.0,2366.0,317.0,291.0,51.0,2099.0,156.0,599.0,84.0,276.0,33.0,452.0,579.0,474.0,169.0,5750.0,1814.0,1622.0,1405.0,10.0,1486.0,0.0,42.0,288.0,307.0,180.0,289.0,1397.0,293.0,703.0,3916.0,3.0,0.0,145.0,137.0,89.0,97.0,223.0,98.0,157.0,135.0,206.0,2000.0,1894.0,1654.0,63.0,66.0,49.0,184.0,418.0,48.0,433.0,383.0,1833.0,1347.0,841.0,34.0,333.0,452.0,1667.0,1022.0,791.0,0.0,1291.0,1176.0,356.0,382.0,249.0,130.0,84.0,64.0,516.0,666.0,449.0,313.0,742.0,116.0,549.0,126.0,679.0,160.0,179.0,178.0,124.0,49.0,1090.0,237.0,58.0,683.0,1153.0,836.0,991.0,771.0,8.0,226.0,173.0,177.0,662.0,216.0,2560.0,718.0,986.0,246.0,991.0,1049.0,607.0,266.0,132.0,502.0,179.0,36.0,500.0,182.0,342.0,132.0,754.0,205.0,85.0,63.0,260.0,114.0,0.0,71.0,75.0,68.0,57.0,190.0,171.0,1132.0,631.0,87.0,149.0,1150.0,4.0,701.0,662.0,1415.0,433.0,606.0,91.0,512.0,420.0,682.0,152.0,365.0,805.0,103.0,289.0,272.0,138.0,334.0,233.0,156.0,504.0,393.0,519.0,0.0,112.0,306.0,133.0,99.0,170.0,114.0,17492.0,3630.0,8082.0,24207.0,20277.0,17651.0,11147.0,900.0,1377.0,1709.0,1.0,9665.0,7950.0,441.0,7900.0,11206.0,70.0,2269.0,2028.0,2264.0,7931.0,6806.0,18929.0,10311.0,9735.0,536.0,1369.0,178.0,4969.0,39.0,4901.0,15488.0,8350.0,15755.0,17719.0,3575.0,20781.0,249.0,276.0,6627.0,9298.0,3571.0,12.0,2.0,0.0,3144.0,1095.0,2569.0,366.0,644.0,1222.0,43.0,3737.0,1876.0,2621.0,2452.0,1661.0,2866.0,2398.0,186.0,0.0,246.0,1057.0,1357.0,886.0,1595.0,970.0,2378.0,265.0,1253.0,1283.0,198.0,1131.0,1062.0,0.0,1230.0,62.0,0.0,795.0,1274.0,1538.0,1634.0,854.0,1527.0,1611.0,1718.0,600.0,1777.0,0.0,0.0,2437.0,1427.0,2216.0,894.0,1097.0,483.0,436.0,540.0,135.0,503.0,274.0,800.0,603.0,729.0,343.0,244.0,221.0,168.0,274.0,375.0,56.0,43.0,53.0,597.0,88.0,97.0,143.0,83.0,182.0,124.0,13.0,2592.0,267.0,236.0,569.0,298.0,392.0,2171.0,119.0,1010.0,165.0,154.0,1317.0,320.0,37.0,806.0,1698.0,216.0,38.0,1204.0,64.0,47.0,84.0,178.0,0.0,734.0,167.0,89.0,59.0,117.0,65.0,82.0,232.0,27.0,55.0,117.0,31.0,1002.0,741.0,462.0,656.0,0.0,849.0,173.0,530.0,59.0,274.0,361.0,182.0,298.0,371.0,695.0,56.0,239.0,596.0,42.0,98.0,24.0,36.0,261.0,0.0,232.0,203.0,434.0,2268.0,805.0,1262.0,261.0,1371.0,231.0,86.0,1.0,471.0,432.0,108.0,201.0,1386.0,1743.0,1308.0,1073.0,3615.0,1201.0,932.0,0.0,725.0,920.0,1887.0,5890.0,4979.0,3151.0,697.0,672.0,483.0,1103.0,1199.0,925.0,0.0,283.0,356.0,18.0,243.0,450.0,2800.0,625.0,0.0,390.0,161.0,159.0,303.0,450.0,227.0,179.0,152.0,59.0,697.0,545.0,720.0,1538.0,870.0,711.0,459.0,903.0,681.0,665.0,9.0,160.0,417.0,826.0,138.0,53.0,739.0,202.0,70.0,38.0,35.0,481.0,77.0,210.0,298.0,150.0,375.0,174.0,146.0,401.0,252.0,397.0,243.0,380.0,160.0,119.0,87.0,771.0,63.0,156.0,222.0,95.0,619.0,69.0,106.0,91.0,28.0,112.0,319.0,1216.0,211.0,531.0,0.0,144.0,670.0,299.0,230.0,199.0,187.0,198.0,272.0,917.0,87.0,54.0,93.0,160.0,259.0,1074.0,3652.0,1618.0,1015.0,1533.0,1435.0,1365.0,275.0,803.0,5.0,1158.0,385.0,314.0,1366.0,673.0,788.0,531.0,4452.0,216.0,1.0,745.0,14.0,2034.0,2050.0,5.0,995.0,756.0,230.0,1512.0,5.0,56.0,830.0,197.0,554.0,866.0,393.0,403.0,737.0,6218.0,360.0,365.0,243.0,357.0,235.0,250.0,607.0,288.0,146.0,493.0,1813.0,0.0,59.0,449.0,126.0,4.0,34.0,627144.0
CHE,153.0,743.0,1519.0,777.0,1259.0,486.0,1660.0,400.0,1212.0,791.0,1160.0,226.0,243.0,1564.0,263.0,275.0,71.0,1898.0,169.0,604.0,200.0,438.0,47.0,1819.0,2689.0,1556.0,829.0,6232.0,5715.0,3808.0,5281.0,665.0,4024.0,0.0,316.0,1073.0,847.0,1030.0,1091.0,3147.0,2918.0,855.0,7338.0,0.0,1.0,813.0,412.0,422.0,362.0,1093.0,700.0,1043.0,258.0,770.0,4064.0,5153.0,4296.0,205.0,322.0,244.0,284.0,1516.0,355.0,6026.0,5681.0,8974.0,6945.0,5715.0,618.0,6426.0,4244.0,7079.0,6572.0,3715.0,37.0,6311.0,6279.0,2428.0,6910.0,2800.0,2375.0,1639.0,1363.0,4091.0,4965.0,2773.0,3128.0,6492.0,1035.0,7353.0,1405.0,8598.0,2263.0,1685.0,1643.0,2208.0,585.0,8992.0,4414.0,656.0,1787.0,3221.0,3258.0,1701.0,2669.0,14.0,1579.0,1496.0,1495.0,2354.0,1345.0,5226.0,1891.0,2626.0,1175.0,3717.0,3784.0,1960.0,1651.0,1422.0,1719.0,857.0,12.0,509.0,327.0,593.0,163.0,831.0,855.0,118.0,127.0,173.0,219.0,2.0,55.0,52.0,120.0,113.0,511.0,149.0,855.0,695.0,96.0,90.0,873.0,13.0,741.0,632.0,1421.0,279.0,456.0,67.0,396.0,639.0,867.0,196.0,403.0,632.0,137.0,319.0,360.0,97.0,380.0,208.0,110.0,391.0,371.0,458.0,0.0,99.0,390.0,140.0,248.0,227.0,121.0,1076.0,114.0,315.0,1010.0,647.0,837.0,478.0,24.0,42.0,106.0,0.0,376.0,394.0,1.0,233.0,328.0,0.0,48.0,361.0,74.0,279.0,241.0,889.0,314.0,290.0,76.0,42.0,156.0,120.0,1.0,259.0,700.0,432.0,442.0,586.0,119.0,687.0,38.0,24.0,131.0,670.0,136.0,0.0,0.0,0.0,1748.0,964.0,1703.0,457.0,898.0,837.0,47.0,2793.0,1697.0,1356.0,1623.0,1619.0,2210.0,2204.0,197.0,0.0,173.0,1024.0,1261.0,895.0,1541.0,805.0,1367.0,240.0,1192.0,1220.0,138.0,1043.0,1098.0,0.0,1234.0,16.0,0.0,617.0,880.0,1073.0,1193.0,238.0,918.0,1046.0,1397.0,624.0,1330.0,0.0,0.0,1232.0,946.0,1275.0,622.0,657.0,482.0,362.0,282.0,762.0,3596.0,1858.0,2778.0,2973.0,3244.0,1488.0,1562.0,1168.0,812.0,1633.0,2237.0,301.0,169.0,352.0,1965.0,365.0,519.0,728.0,520.0,1095.0,474.0,13.0,2947.0,437.0,425.0,779.0,342.0,545.0,1735.0,220.0,1223.0,348.0,288.0,1449.0,329.0,51.0,891.0,1302.0,239.0,34.0,1393.0,72.0,75.0,133.0,171.0,0.0,1413.0,295.0,174.0,96.0,76.0,95.0,96.0,434.0,27.0,137.0,391.0,50.0,819.0,1136.0,424.0,562.0,0.0,814.0,251.0,475.0,120.0,425.0,323.0,415.0,261.0,436.0,565.0,67.0,368.0,530.0,104.0,117.0,74.0,105.0,1226.0,0.0,194.0,257.0,460.0,1224.0,343.0,418.0,151.0,916.0,248.0,152.0,0.0,315.0,153.0,106.0,83.0,1002.0,1052.0,1167.0,716.0,2161.0,748.0,716.0,0.0,373.0,1033.0,620.0,1695.0,989.0,522.0,213.0,136.0,212.0,173.0,292.0,251.0,2.0,75.0,67.0,2.0,53.0,194.0,975.0,170.0,1.0,148.0,47.0,51.0,186.0,154.0,89.0,42.0,60.0,46.0,479.0,321.0,308.0,1025.0,464.0,455.0,643.0,836.0,542.0,755.0,39.0,90.0,521.0,398.0,149.0,87.0,517.0,204.0,47.0,54.0,50.0,421.0,35.0,264.0,270.0,88.0,221.0,201.0,189.0,239.0,191.0,269.0,293.0,164.0,126.0,47.0,92.0,520.0,63.0,219.0,80.0,81.0,473.0,74.0,86.0,72.0,13.0,73.0,4392.0,3640.0,2130.0,3365.0,0.0,1461.0,4499.0,4300.0,2422.0,1016.0,1176.0,2118.0,1639.0,2259.0,1149.0,668.0,896.0,1048.0,1715.0,6053.0,969.0,252.0,427.0,281.0,295.0,665.0,95.0,262.0,0.0,225.0,68.0,90.0,403.0,140.0,219.0,124.0,1223.0,1.0,0.0,144.0,10.0,261.0,149.0,4.0,185.0,131.0,44.0,286.0,2.0,26.0,160.0,41.0,144.0,106.0,73.0,115.0,120.0,996.0,14.0,70.0,61.0,93.0,56.0,39.0,34.0,43.0,31.0,54.0,144.0,0.0,11.0,35.0,36.0,1.0,1.0,519927.0
CJB,65.0,311.0,764.0,717.0,605.0,178.0,1531.0,163.0,682.0,124.0,646.0,74.0,141.0,830.0,165.0,107.0,40.0,1291.0,49.0,272.0,47.0,185.0,16.0,1597.0,2477.0,1114.0,506.0,6332.0,5172.0,3353.0,4720.0,91.0,4145.0,0.0,275.0,865.0,662.0,1027.0,793.0,2854.0,3015.0,560.0,7474.0,2.0,0.0,706.0,324.0,253.0,214.0,758.0,402.0,700.0,164.0,719.0,3170.0,4922.0,4364.0,102.0,226.0,208.0,134.0,1505.0,341.0,2998.0,3027.0,7202.0,6388.0,3523.0,585.0,3969.0,3656.0,5083.0,5526.0,3587.0,0.0,6021.0,4251.0,1782.0,2364.0,997.0,1203.0,199.0,470.0,3473.0,14587.0,8592.0,10620.0,16724.0,3156.0,10810.0,3686.0,14527.0,3831.0,3153.0,2535.0,3358.0,1143.0,23535.0,5325.0,1564.0,1205.0,1715.0,1866.0,877.0,1808.0,2.0,710.0,708.0,539.0,1520.0,557.0,3737.0,1300.0,1557.0,811.0,2056.0,2352.0,955.0,789.0,455.0,1593.0,311.0,8.0,176.0,160.0,134.0,41.0,216.0,112.0,21.0,41.0,46.0,61.0,0.0,30.0,15.0,30.0,13.0,76.0,57.0,469.0,191.0,26.0,54.0,464.0,0.0,281.0,257.0,1567.0,281.0,151.0,33.0,161.0,186.0,269.0,49.0,150.0,280.0,31.0,102.0,103.0,38.0,139.0,86.0,37.0,160.0,155.0,245.0,0.0,49.0,123.0,58.0,43.0,41.0,54.0,595.0,30.0,259.0,478.0,298.0,348.0,299.0,4.0,22.0,44.0,0.0,204.0,126.0,1.0,99.0,113.0,0.0,17.0,154.0,24.0,97.0,65.0,336.0,150.0,98.0,21.0,23.0,49.0,34.0,0.0,81.0,368.0,567.0,227.0,229.0,27.0,305.0,8.0,10.0,33.0,378.0,88.0,0.0,0.0,0.0,726.0,503.0,850.0,189.0,344.0,361.0,2.0,1683.0,890.0,790.0,1198.0,1256.0,1359.0,1329.0,73.0,0.0,118.0,563.0,889.0,553.0,1030.0,497.0,775.0,168.0,678.0,655.0,99.0,636.0,332.0,0.0,529.0,27.0,0.0,416.0,590.0,513.0,502.0,191.0,485.0,1282.0,522.0,210.0,575.0,0.0,0.0,789.0,552.0,914.0,355.0,271.0,255.0,128.0,125.0,1002.0,3193.0,3547.0,4092.0,3077.0,2988.0,1760.0,2391.0,1487.0,1114.0,3097.0,2476.0,320.0,247.0,683.0,2334.0,534.0,820.0,878.0,659.0,1361.0,632.0,3.0,1399.0,257.0,212.0,338.0,202.0,378.0,912.0,77.0,651.0,117.0,132.0,733.0,134.0,31.0,482.0,703.0,137.0,24.0,686.0,30.0,44.0,110.0,104.0,0.0,527.0,99.0,100.0,56.0,24.0,49.0,156.0,240.0,13.0,24.0,101.0,20.0,421.0,341.0,116.0,336.0,0.0,356.0,40.0,211.0,34.0,120.0,223.0,72.0,74.0,133.0,462.0,18.0,197.0,238.0,17.0,74.0,4.0,29.0,125.0,1.0,114.0,78.0,232.0,572.0,102.0,187.0,42.0,677.0,152.0,55.0,0.0,98.0,181.0,51.0,35.0,602.0,397.0,416.0,277.0,763.0,246.0,241.0,0.0,174.0,342.0,202.0,393.0,570.0,142.0,85.0,67.0,49.0,79.0,126.0,56.0,1.0,31.0,29.0,2.0,4.0,46.0,220.0,48.0,0.0,25.0,6.0,15.0,19.0,27.0,31.0,8.0,8.0,8.0,40.0,130.0,121.0,502.0,181.0,174.0,177.0,314.0,171.0,190.0,5.0,46.0,159.0,278.0,38.0,34.0,199.0,55.0,16.0,44.0,9.0,85.0,13.0,79.0,90.0,43.0,62.0,52.0,29.0,132.0,102.0,120.0,87.0,99.0,57.0,22.0,27.0,187.0,28.0,30.0,42.0,35.0,139.0,19.0,37.0,20.0,49.0,12.0,1913.0,1759.0,987.0,1558.0,0.0,748.0,2606.0,1425.0,1157.0,523.0,466.0,1044.0,608.0,1115.0,535.0,267.0,417.0,632.0,719.0,2951.0,542.0,106.0,119.0,143.0,104.0,109.0,45.0,104.0,0.0,193.0,40.0,21.0,154.0,73.0,76.0,58.0,337.0,0.0,0.0,47.0,0.0,57.0,48.0,0.0,55.0,44.0,38.0,91.0,0.0,12.0,22.0,8.0,33.0,76.0,17.0,20.0,48.0,362.0,8.0,34.0,14.0,17.0,12.0,5.0,9.0,38.0,2.0,24.0,52.0,0.0,2.0,19.0,15.0,0.0,3.0,427214.0
COK,93.0,319.0,618.0,345.0,357.0,129.0,662.0,207.0,301.0,123.0,772.0,55.0,116.0,787.0,137.0,112.0,28.0,1060.0,57.0,231.0,37.0,128.0,9.0,5327.0,1903.0,574.0,328.0,6739.0,3450.0,2720.0,3095.0,146.0,3785.0,0.0,199.0,626.0,410.0,1572.0,303.0,2665.0,712.0,628.0,6004.0,1.0,0.0,715.0,404.0,148.0,144.0,608.0,166.0,491.0,273.0,1160.0,3190.0,3329.0,3029.0,60.0,124.0,269.0,152.0,664.0,265.0,1237.0,1320.0,3326.0,2494.0,1420.0,610.0,1254.0,1414.0,2638.0,2387.0,1400.0,0.0,2740.0,1703.0,816.0,838.0,527.0,390.0,60.0,157.0,1706.0,3706.0,1859.0,1921.0,3614.0,465.0,2625.0,773.0,3625.0,1070.0,721.0,3418.0,732.0,207.0,7104.0,1592.0,420.0,444.0,969.0,747.0,853.0,703.0,4.0,325.0,278.0,208.0,674.0,236.0,1915.0,714.0,633.0,281.0,763.0,788.0,358.0,292.0,134.0,671.0,159.0,6.0,218.0,76.0,116.0,37.0,182.0,98.0,17.0,26.0,40.0,36.0,0.0,11.0,5.0,40.0,17.0,82.0,23.0,255.0,187.0,22.0,16.0,278.0,4.0,284.0,223.0,349.0,76.0,156.0,28.0,79.0,107.0,187.0,53.0,34.0,198.0,36.0,52.0,69.0,67.0,86.0,87.0,53.0,135.0,98.0,123.0,0.0,20.0,85.0,38.0,44.0,47.0,37.0,219.0,42.0,97.0,323.0,194.0,322.0,104.0,10.0,10.0,39.0,0.0,85.0,126.0,0.0,53.0,87.0,0.0,16.0,137.0,23.0,68.0,55.0,238.0,103.0,82.0,27.0,27.0,57.0,23.0,1.0,72.0,181.0,178.0,172.0,246.0,22.0,188.0,9.0,11.0,50.0,197.0,16.0,0.0,0.0,0.0,736.0,296.0,813.0,125.0,222.0,388.0,6.0,1609.0,1176.0,1172.0,959.0,1092.0,1324.0,1656.0,119.0,0.0,93.0,500.0,736.0,557.0,940.0,379.0,958.0,125.0,670.0,528.0,85.0,631.0,535.0,0.0,603.0,24.0,0.0,297.0,507.0,437.0,580.0,181.0,576.0,1061.0,545.0,221.0,449.0,0.0,0.0,841.0,331.0,1011.0,368.0,536.0,185.0,256.0,115.0,31265.0,74621.0,46955.0,74278.0,51939.0,51767.0,48647.0,52918.0,41001.0,32382.0,85627.0,47370.0,7911.0,5184.0,13997.0,41688.0,15119.0,20734.0,25147.0,20215.0,26374.0,15956.0,2.0,1398.0,122.0,104.0,231.0,132.0,207.0,1658.0,63.0,426.0,80.0,55.0,434.0,108.0,28.0,298.0,854.0,90.0,34.0,516.0,11.0,16.0,69.0,55.0,0.0,293.0,36.0,53.0,37.0,56.0,28.0,37.0,73.0,3.0,16.0,87.0,9.0,254.0,234.0,91.0,207.0,0.0,239.0,36.0,96.0,28.0,93.0,68.0,72.0,59.0,94.0,288.0,8.0,67.0,92.0,20.0,45.0,3.0,16.0,116.0,0.0,73.0,53.0,160.0,244.0,128.0,178.0,37.0,278.0,78.0,31.0,0.0,107.0,41.0,41.0,34.0,303.0,732.0,361.0,431.0,1096.0,358.0,593.0,0.0,281.0,188.0,115.0,245.0,173.0,93.0,36.0,54.0,39.0,48.0,65.0,31.0,0.0,10.0,18.0,0.0,6.0,23.0,141.0,31.0,1.0,21.0,15.0,14.0,15.0,29.0,25.0,6.0,6.0,8.0,49.0,161.0,148.0,230.0,137.0,166.0,116.0,187.0,211.0,142.0,3.0,40.0,110.0,260.0,30.0,7.0,181.0,58.0,6.0,28.0,20.0,91.0,16.0,52.0,114.0,41.0,45.0,35.0,33.0,84.0,52.0,36.0,88.0,50.0,19.0,43.0,28.0,203.0,21.0,27.0,31.0,32.0,149.0,29.0,10.0,16.0,22.0,20.0,393.0,719.0,319.0,463.0,0.0,260.0,788.0,451.0,266.0,132.0,148.0,318.0,246.0,381.0,208.0,111.0,115.0,146.0,277.0,963.0,270.0,74.0,109.0,81.0,83.0,62.0,22.0,31.0,0.0,49.0,42.0,21.0,121.0,50.0,70.0,57.0,283.0,1.0,0.0,47.0,1.0,68.0,83.0,0.0,62.0,209.0,34.0,94.0,0.0,20.0,32.0,22.0,30.0,45.0,36.0,26.0,34.0,249.0,10.0,72.0,21.0,17.0,20.0,17.0,16.0,71.0,9.0,10.0,41.0,0.0,1.0,33.0,57.0,1.0,2.0,1035037.0
EUP,72.0,601.0,884.0,671.0,889.0,302.0,1202.0,395.0,821.0,244.0,1508.0,108.0,156.0,2013.0,218.0,236.0,44.0,1742.0,175.0,500.0,65.0,301.0,46.0,394.0,471.0,305.0,135.0,3456.0,1250.0,965.0,1132.0,6.0,975.0,0.0,50.0,229.0,252.0,187.0,160.0,1048.0,235.0,393.0,2382.0,1.0,0.0,135.0,104.0,56.0,77.0,178.0,113.0,135.0,104.0,227.0,1229.0,1406.0,978.0,87.0,51.0,55.0,89.0,165.0,36.0,292.0,457.0,1422.0,878.0,517.0,1.0,270.0,428.0,1606.0,828.0,575.0,0.0,764.0,762.0,281.0,332.0,122.0,124.0,20.0,60.0,402.0,517.0,315.0,339.0,693.0,91.0,576.0,119.0,764.0,145.0,134.0,203.0,146.0,45.0,796.0,263.0,77.0,608.0,1424.0,874.0,800.0,1026.0,0.0,366.0,309.0,204.0,732.0,247.0,2250.0,778.0,847.0,489.0,1158.0,1003.0,749.0,274.0,167.0,264.0,152.0,13.0,544.0,192.0,296.0,87.0,636.0,259.0,68.0,50.0,336.0,96.0,1.0,36.0,72.0,96.0,36.0,164.0,119.0,799.0,661.0,167.0,134.0,907.0,6.0,954.0,894.0,1610.0,625.0,606.0,91.0,441.0,478.0,830.0,177.0,245.0,971.0,103.0,407.0,296.0,203.0,388.0,214.0,126.0,819.0,421.0,852.0,0.0,127.0,462.0,140.0,130.0,280.0,234.0,948.0,71.0,466.0,1227.0,662.0,1005.0,470.0,15.0,56.0,94.0,0.0,314.0,310.0,1.0,304.0,214.0,0.0,51.0,398.0,61.0,109.0,133.0,1002.0,228.0,129.0,55.0,79.0,37.0,56.0,2.0,173.0,726.0,228.0,319.0,593.0,65.0,861.0,21.0,21.0,112.0,757.0,90.0,0.0,0.0,0.0,3004.0,1506.0,3731.0,520.0,988.0,1551.0,46.0,2582.0,1177.0,1719.0,2082.0,1376.0,2066.0,1828.0,125.0,0.0,92.0,855.0,1091.0,1003.0,1160.0,755.0,1624.0,197.0,927.0,1072.0,91.0,1104.0,719.0,0.0,1096.0,48.0,0.0,530.0,907.0,2048.0,2732.0,887.0,2188.0,1998.0,2528.0,876.0,2740.0,0.0,1.0,4818.0,2455.0,3984.0,1253.0,1738.0,623.0,450.0,1352.0,117.0,296.0,194.0,789.0,357.0,525.0,317.0,176.0,156.0,188.0,209.0,335.0,32.0,48.0,37.0,422.0,47.0,89.0,140.0,81.0,129.0,84.0,0.0,1739.0,165.0,170.0,412.0,150.0,273.0,1369.0,78.0,744.0,132.0,102.0,841.0,183.0,34.0,559.0,1294.0,88.0,29.0,824.0,16.0,26.0,69.0,115.0,0.0,505.0,93.0,49.0,43.0,47.0,76.0,39.0,172.0,6.0,34.0,136.0,30.0,1079.0,601.0,603.0,595.0,1.0,859.0,209.0,386.0,50.0,403.0,219.0,195.0,220.0,270.0,1075.0,58.0,273.0,462.0,63.0,87.0,16.0,52.0,371.0,0.0,164.0,91.0,243.0,1094.0,388.0,533.0,122.0,696.0,121.0,60.0,0.0,196.0,159.0,51.0,135.0,678.0,2100.0,1917.0,1391.0,6088.0,1586.0,1123.0,0.0,946.0,1116.0,1061.0,1087.0,635.0,450.0,375.0,206.0,207.0,209.0,408.0,247.0,0.0,99.0,97.0,3.0,65.0,193.0,1269.0,145.0,0.0,173.0,91.0,141.0,88.0,161.0,99.0,31.0,18.0,72.0,275.0,7355.0,7734.0,15188.0,7825.0,8791.0,714.0,4928.0,1682.0,2335.0,381.0,476.0,2108.0,5502.0,1449.0,1264.0,11620.0,1379.0,1225.0,1639.0,880.0,7666.0,311.0,2931.0,2100.0,207.0,500.0,695.0,525.0,862.0,484.0,725.0,2370.0,1007.0,2677.0,285.0,155.0,1467.0,374.0,2436.0,1049.0,2580.0,6650.0,1185.0,1728.0,1445.0,561.0,2316.0,396.0,863.0,325.0,477.0,0.0,211.0,808.0,468.0,298.0,142.0,106.0,267.0,254.0,363.0,99.0,55.0,72.0,80.0,217.0,1161.0,350.0,187.0,136.0,129.0,97.0,152.0,38.0,128.0,0.0,155.0,21.0,29.0,198.0,93.0,76.0,50.0,593.0,0.0,0.0,101.0,7.0,135.0,107.0,0.0,101.0,115.0,21.0,160.0,1.0,17.0,72.0,20.0,52.0,127.0,54.0,40.0,97.0,623.0,21.0,57.0,29.0,43.0,39.0,23.0,29.0,39.0,16.0,23.0,119.0,0.0,7.0,53.0,28.0,0.0,5.0,357835.0
GAU,21.0,96.0,149.0,46.0,100.0,35.0,217.0,76.0,162.0,45.0,331.0,12.0,18.0,424.0,24.0,37.0,3.0,191.0,6.0,102.0,15.0,66.0,2.0,32.0,54.0,54.0,15.0,764.0,233.0,242.0,195.0,2.0,248.0,0.0,1.0,34.0,25.0,20.0,9.0,180.0,66.0,80.0,507.0,1.0,0.0,9.0,4.0,1.0,5.0,20.0,5.0,10.0,11.0,19.0,388.0,274.0,259.0,5.0,2.0,5.0,23.0,52.0,4.0,49.0,29.0,328.0,184.0,66.0,1.0,6.0,44.0,298.0,111.0,153.0,0.0,114.0,79.0,13.0,58.0,19.0,5.0,3.0,19.0,42.0,64.0,24.0,30.0,65.0,3.0,27.0,3.0,35.0,3.0,2.0,8.0,5.0,3.0,60.0,4.0,0.0,64.0,155.0,67.0,198.0,42.0,2.0,12.0,6.0,11.0,69.0,15.0,332.0,63.0,111.0,15.0,133.0,88.0,89.0,8.0,8.0,145.0,3.0,3.0,65.0,26.0,19.0,10.0,45.0,5.0,2.0,7.0,9.0,17.0,0.0,5.0,3.0,2.0,4.0,16.0,20.0,89.0,74.0,14.0,8.0,115.0,3.0,112.0,107.0,167.0,54.0,49.0,12.0,57.0,40.0,103.0,22.0,33.0,129.0,13.0,51.0,37.0,13.0,30.0,16.0,13.0,109.0,50.0,104.0,0.0,10.0,46.0,16.0,14.0,24.0,14.0,1783.0,32.0,301.0,1127.0,440.0,661.0,253.0,43.0,25.0,118.0,0.0,101.0,639.0,2.0,94.0,253.0,0.0,17.0,218.0,22.0,46.0,107.0,1070.0,84.0,76.0,70.0,19.0,10.0,30.0,16.0,211.0,1418.0,300.0,317.0,398.0,150.0,317.0,24.0,13.0,61.0,1114.0,44.0,0.0,0.0,0.0,592.0,257.0,547.0,48.0,133.0,229.0,4.0,446.0,376.0,448.0,432.0,362.0,398.0,350.0,49.0,0.0,23.0,127.0,160.0,89.0,96.0,166.0,353.0,28.0,197.0,142.0,16.0,203.0,148.0,0.0,188.0,6.0,0.0,124.0,180.0,291.0,370.0,312.0,395.0,409.0,337.0,91.0,423.0,0.0,1.0,578.0,472.0,636.0,236.0,253.0,80.0,55.0,71.0,6.0,30.0,17.0,96.0,26.0,51.0,47.0,12.0,12.0,10.0,12.0,54.0,0.0,4.0,3.0,30.0,5.0,3.0,23.0,11.0,4.0,4.0,1.0,424.0,16.0,19.0,50.0,12.0,30.0,399.0,12.0,73.0,7.0,7.0,128.0,32.0,2.0,102.0,274.0,17.0,1.0,114.0,1.0,3.0,6.0,7.0,0.0,150.0,11.0,4.0,0.0,2.0,11.0,10.0,38.0,3.0,3.0,16.0,0.0,163.0,111.0,58.0,96.0,0.0,112.0,43.0,122.0,3.0,88.0,29.0,25.0,56.0,113.0,125.0,4.0,36.0,66.0,8.0,13.0,3.0,3.0,58.0,0.0,11.0,4.0,27.0,126.0,21.0,110.0,13.0,167.0,7.0,8.0,0.0,13.0,26.0,9.0,6.0,94.0,503.0,231.0,339.0,1105.0,314.0,244.0,0.0,130.0,166.0,78.0,214.0,190.0,69.0,67.0,29.0,22.0,34.0,58.0,58.0,0.0,12.0,15.0,0.0,10.0,30.0,221.0,42.0,0.0,19.0,14.0,22.0,23.0,37.0,10.0,16.0,4.0,2.0,40.0,64.0,29.0,159.0,59.0,56.0,48.0,99.0,112.0,84.0,0.0,13.0,44.0,49.0,4.0,5.0,79.0,38.0,5.0,9.0,5.0,51.0,10.0,31.0,35.0,19.0,45.0,14.0,15.0,114.0,65.0,52.0,28.0,24.0,12.0,4.0,25.0,111.0,4.0,27.0,2.0,7.0,63.0,7.0,2.0,3.0,2.0,7.0,72.0,45.0,4.0,28.0,0.0,6.0,32.0,8.0,9.0,5.0,7.0,5.0,17.0,37.0,13.0,1.0,11.0,22.0,34.0,56.0,117.0,23.0,13.0,28.0,23.0,22.0,7.0,15.0,0.0,24.0,11.0,8.0,77.0,19.0,13.0,12.0,192.0,0.0,0.0,28.0,60.0,3596.0,1162.0,2.0,7439.0,2772.0,444.0,3688.0,2.0,1006.0,4693.0,1512.0,5222.0,3697.0,3395.0,3882.0,3907.0,23748.0,1649.0,2223.0,3671.0,3367.0,3101.0,2538.0,692.0,993.0,1321.0,4044.0,1895.0,2.0,630.0,2057.0,735.0,7.0,252.0,146564.0
GGN,168.0,1036.0,2143.0,1171.0,1344.0,636.0,2695.0,601.0,1608.0,1030.0,1931.0,318.0,325.0,2750.0,498.0,464.0,92.0,3234.0,191.0,1283.0,311.0,568.0,60.0,790.0,1139.0,777.0,358.0,4721.0,2145.0,2177.0,2149.0,12.0,1751.0,0.0,129.0,430.0,560.0,374.0,443.0,1622.0,532.0,1103.0,3910.0,1.0,0.0,308.0,174.0,199.0,160.0,387.0,263.0,429.0,328.0,329.0,2215.0,2163.0,1632.0,100.0,159.0,102.0,233.0,513.0,121.0,386.0,551.0,1378.0,994.0,794.0,2.0,360.0,680.0,1291.0,968.0,663.0,3.0,1218.0,1400.0,337.0,885.0,314.0,160.0,145.0,125.0,732.0,935.0,635.0,512.0,989.0,168.0,770.0,171.0,1020.0,219.0,139.0,243.0,275.0,49.0,1381.0,332.0,78.0,890.0,1536.0,1615.0,1026.0,1352.0,1.0,613.0,469.0,377.0,1055.0,401.0,3529.0,1123.0,1122.0,664.0,1721.0,1408.0,854.0,530.0,429.0,497.0,320.0,39.0,918.0,589.0,647.0,212.0,1133.0,633.0,256.0,132.0,316.0,222.0,2.0,59.0,87.0,184.0,93.0,522.0,283.0,1592.0,1132.0,148.0,76.0,1811.0,4.0,2921.0,2519.0,4666.0,1954.0,2219.0,357.0,2210.0,1511.0,3101.0,586.0,767.0,2713.0,403.0,1371.0,1140.0,374.0,1300.0,707.0,340.0,1649.0,2722.0,2397.0,0.0,620.0,1437.0,540.0,602.0,888.0,583.0,1110.0,126.0,533.0,1895.0,1007.0,1151.0,729.0,32.0,63.0,146.0,0.0,392.0,696.0,4.0,423.0,441.0,0.0,74.0,374.0,104.0,251.0,218.0,1188.0,397.0,369.0,132.0,51.0,42.0,167.0,0.0,294.0,920.0,363.0,835.0,956.0,112.0,1240.0,40.0,48.0,212.0,828.0,113.0,2.0,0.0,1.0,5967.0,3188.0,6215.0,1815.0,2770.0,3792.0,229.0,4312.0,1766.0,1934.0,2916.0,1951.0,3629.0,2683.0,15.0,0.0,143.0,1855.0,2083.0,1698.0,2987.0,1351.0,1785.0,389.0,1825.0,1741.0,201.0,1601.0,1448.0,0.0,2049.0,89.0,0.0,905.0,1509.0,6048.0,4179.0,234.0,4715.0,3282.0,9875.0,3448.0,8382.0,0.0,0.0,4014.0,2653.0,3065.0,1649.0,2085.0,1678.0,876.0,1408.0,334.0,953.0,499.0,1068.0,798.0,1118.0,569.0,637.0,519.0,456.0,673.0,780.0,128.0,74.0,154.0,716.0,127.0,249.0,309.0,220.0,440.0,173.0,19.0,4130.0,475.0,637.0,933.0,439.0,796.0,2243.0,195.0,1681.0,316.0,265.0,2164.0,534.0,62.0,1225.0,2525.0,271.0,30.0,1737.0,47.0,66.0,180.0,283.0,0.0,1882.0,343.0,136.0,133.0,93.0,105.0,131.0,465.0,32.0,75.0,360.0,91.0,2178.0,1978.0,1271.0,1840.0,0.0,2394.0,1080.0,1018.0,208.0,1859.0,802.0,732.0,578.0,930.0,2370.0,316.0,2174.0,1314.0,216.0,276.0,75.0,815.0,1040.0,0.0,261.0,307.0,529.0,1526.0,508.0,801.0,121.0,1266.0,339.0,153.0,0.0,255.0,193.0,141.0,137.0,1564.0,3763.0,4159.0,3111.0,6640.0,4677.0,2550.0,0.0,1907.0,3610.0,1115.0,1754.0,1267.0,742.0,418.0,278.0,322.0,335.0,379.0,383.0,0.0,138.0,146.0,8.0,115.0,255.0,1694.0,205.0,1.0,214.0,130.0,105.0,140.0,204.0,129.0,46.0,47.0,49.0,311.0,1108.0,1482.0,3612.0,1331.0,1413.0,1401.0,3028.0,2351.0,2515.0,41.0,519.0,1728.0,956.0,259.0,196.0,1755.0,1247.0,172.0,209.0,79.0,1184.0,303.0,1057.0,1306.0,417.0,906.0,624.0,547.0,872.0,691.0,1055.0,729.0,823.0,344.0,359.0,327.0,1990.0,335.0,259.0,119.0,244.0,1729.0,261.0,182.0,214.0,85.0,327.0,662.0,1230.0,630.0,940.0,0.0,480.0,1239.0,615.0,599.0,319.0,396.0,519.0,397.0,746.0,264.0,164.0,172.0,165.0,422.0,1833.0,856.0,344.0,382.0,310.0,253.0,336.0,73.0,180.0,0.0,217.0,112.0,160.0,519.0,172.0,230.0,149.0,1264.0,0.0,0.0,168.0,50.0,399.0,240.0,1.0,270.0,236.0,109.0,336.0,2.0,43.0,171.0,63.0,212.0,197.0,74.0,147.0,218.0,1774.0,51.0,117.0,100.0,81.0,85.0,62.0,52.0,125.0,52.0,110.0,190.0,0.0,18.0,68.0,38.0,3.0,9.0,475343.0
HHPT,258.0,1065.0,2722.0,1282.0,1881.0,891.0,3766.0,1309.0,1938.0,938.0,2324.0,329.0,579.0,3042.0,532.0,582.0,163.0,3114.0,241.0,1265.0,223.0,506.0,75.0,968.0,1023.0,1047.0,438.0,4697.0,2565.0,1903.0,1768.0,20.0,1562.0,0.0,95.0,419.0,777.0,408.0,387.0,1325.0,378.0,1189.0,2810.0,2.0,0.0,376.0,290.0,173.0,256.0,439.0,295.0,601.0,298.0,381.0,1714.0,1691.0,1374.0,184.0,205.0,114.0,261.0,445.0,115.0,524.0,672.0,1554.0,1271.0,1179.0,0.0,454.0,548.0,2241.0,1114.0,771.0,5.0,1169.0,1098.0,290.0,1145.0,239.0,175.0,61.0,80.0,563.0,1116.0,1588.0,593.0,1140.0,211.0,893.0,207.0,1245.0,295.0,149.0,316.0,276.0,82.0,1605.0,529.0,129.0,1129.0,1508.0,1083.0,1164.0,1287.0,4.0,514.0,462.0,386.0,812.0,502.0,2507.0,1241.0,1357.0,326.0,1346.0,911.0,1075.0,424.0,239.0,423.0,187.0,62.0,1256.0,530.0,978.0,233.0,1614.0,639.0,214.0,229.0,525.0,216.0,3.0,136.0,150.0,273.0,110.0,604.0,300.0,2062.0,1153.0,282.0,196.0,2074.0,17.0,27425.0,23595.0,35592.0,9691.0,18744.0,2379.0,12865.0,20020.0,24231.0,6323.0,6804.0,20018.0,5154.0,9422.0,12807.0,4887.0,15726.0,8333.0,4831.0,14266.0,12324.0,9510.0,0.0,4240.0,4119.0,4698.0,6972.0,6158.0,3826.0,1929.0,209.0,830.0,1691.0,1448.0,1428.0,976.0,61.0,148.0,237.0,0.0,583.0,928.0,4.0,693.0,825.0,0.0,150.0,569.0,198.0,551.0,501.0,1024.0,590.0,580.0,187.0,58.0,60.0,236.0,0.0,617.0,781.0,807.0,1331.0,986.0,326.0,1920.0,84.0,61.0,424.0,737.0,149.0,0.0,0.0,1.0,7438.0,5172.0,10342.0,2528.0,3411.0,4731.0,391.0,4313.0,2325.0,2269.0,2957.0,2381.0,3397.0,3004.0,143.0,0.0,205.0,1478.0,1972.0,1589.0,2124.0,1450.0,2266.0,393.0,1605.0,1901.0,253.0,1963.0,1231.0,0.0,1805.0,71.0,0.0,1238.0,1471.0,6623.0,8596.0,1665.0,7436.0,6084.0,12517.0,4112.0,14254.0,0.0,2.0,7681.0,4305.0,5647.0,4761.0,3000.0,9139.0,4440.0,1708.0,290.0,1217.0,650.0,1432.0,886.0,965.0,473.0,546.0,503.0,301.0,1008.0,622.0,122.0,57.0,154.0,759.0,170.0,276.0,272.0,255.0,324.0,187.0,12.0,3481.0,650.0,727.0,1140.0,656.0,1001.0,2427.0,313.0,1749.0,495.0,614.0,2522.0,685.0,81.0,1118.0,2132.0,303.0,75.0,1686.0,82.0,104.0,227.0,362.0,0.0,1133.0,369.0,184.0,181.0,108.0,227.0,178.0,363.0,32.0,108.0,240.0,101.0,3252.0,2667.0,2103.0,2142.0,1.0,3010.0,1168.0,1766.0,331.0,1863.0,1051.0,3226.0,1232.0,2163.0,2533.0,321.0,3067.0,2544.0,319.0,266.0,122.0,465.0,1869.0,1.0,333.0,452.0,824.0,2665.0,769.0,1379.0,195.0,1403.0,623.0,292.0,0.0,565.0,331.0,221.0,278.0,2025.0,5173.0,7877.0,3947.0,10689.0,6173.0,3111.0,0.0,2201.0,5907.0,1854.0,2218.0,1670.0,984.0,676.0,453.0,402.0,382.0,575.0,557.0,0.0,289.0,263.0,3.0,148.0,429.0,1673.0,301.0,0.0,423.0,181.0,198.0,187.0,350.0,244.0,61.0,72.0,78.0,365.0,1879.0,1862.0,5917.0,2378.0,2742.0,2058.0,4922.0,4462.0,3930.0,41.0,849.0,3701.0,1513.0,511.0,336.0,2340.0,1852.0,511.0,600.0,343.0,1020.0,431.0,2134.0,2156.0,972.0,1813.0,1934.0,1595.0,1790.0,1878.0,1879.0,1194.0,1404.0,757.0,781.0,899.0,2914.0,631.0,527.0,228.0,606.0,1902.0,744.0,649.0,491.0,161.0,649.0,495.0,1003.0,449.0,666.0,0.0,283.0,958.0,428.0,340.0,226.0,207.0,376.0,300.0,525.0,135.0,110.0,138.0,87.0,293.0,1433.0,1587.0,571.0,581.0,427.0,589.0,530.0,85.0,312.0,0.0,353.0,185.0,104.0,404.0,244.0,388.0,204.0,1329.0,2.0,0.0,209.0,24.0,900.0,440.0,2.0,580.0,449.0,235.0,532.0,2.0,140.0,320.0,69.0,255.0,404.0,253.0,351.0,310.0,2157.0,151.0,193.0,152.0,161.0,122.0,170.0,159.0,182.0,56.0,318.0,397.0,0.0,30.0,221.0,126.0,8.0,21.0,908571.0
HYD,117.0,775.0,1187.0,680.0,1082.0,583.0,1487.0,253.0,1224.0,431.0,1395.0,131.0,191.0,1945.0,326.0,411.0,77.0,1985.0,190.0,543.0,140.0,407.0,56.0,914.0,1825.0,1497.0,1606.0,11490.0,4061.0,3024.0,4132.0,111.0,3288.0,0.0,362.0,1058.0,818.0,694.0,1555.0,3764.0,793.0,769.0,9906.0,0.0,0.0,585.0,264.0,329.0,436.0,775.0,1435.0,1068.0,205.0,499.0,3693.0,4330.0,3743.0,633.0,883.0,191.0,238.0,1093.0,275.0,793.0,903.0,3598.0,3507.0,1596.0,385.0,795.0,1290.0,3483.0,2361.0,1787.0,27.0,3184.0,2417.0,570.0,898.0,364.0,360.0,242.0,282.0,1656.0,1451.0,742.0,881.0,1952.0,284.0,1471.0,310.0,1657.0,371.0,277.0,368.0,440.0,114.0,2706.0,628.0,126.0,16768.0,20113.0,19387.0,11668.0,19407.0,9.0,17745.0,16032.0,12800.0,13695.0,13640.0,26139.0,10552.0,17634.0,6840.0,25037.0,22643.0,12006.0,18355.0,13402.0,9381.0,8436.0,37.0,558.0,215.0,300.0,111.0,687.0,686.0,93.0,65.0,135.0,86.0,1.0,22.0,37.0,67.0,26.0,251.0,178.0,822.0,605.0,69.0,73.0,897.0,5.0,604.0,535.0,1028.0,300.0,375.0,54.0,339.0,444.0,659.0,129.0,478.0,653.0,114.0,282.0,210.0,141.0,289.0,140.0,101.0,408.0,246.0,354.0,0.0,76.0,186.0,125.0,274.0,155.0,112.0,908.0,56.0,351.0,1295.0,717.0,757.0,522.0,16.0,58.0,75.0,0.0,266.0,288.0,1.0,233.0,273.0,0.0,53.0,259.0,50.0,181.0,114.0,943.0,364.0,180.0,53.0,35.0,68.0,74.0,0.0,197.0,635.0,332.0,415.0,626.0,81.0,591.0,58.0,10.0,104.0,599.0,97.0,1.0,0.0,0.0,2687.0,890.0,1909.0,205.0,447.0,874.0,12.0,3610.0,2208.0,2254.0,2278.0,2194.0,3328.0,2446.0,128.0,0.0,274.0,1074.0,1731.0,1122.0,1445.0,1065.0,2103.0,262.0,1170.0,1743.0,164.0,1392.0,1162.0,0.0,1565.0,28.0,0.0,716.0,1306.0,1124.0,1229.0,193.0,984.0,1151.0,1225.0,551.0,1211.0,0.0,0.0,1852.0,747.0,1789.0,546.0,554.0,463.0,350.0,284.0,302.0,932.0,551.0,1290.0,1091.0,1143.0,535.0,618.0,411.0,375.0,640.0,733.0,76.0,38.0,149.0,822.0,173.0,224.0,306.0,150.0,418.0,156.0,7.0,2749.0,660.0,452.0,1023.0,268.0,395.0,2473.0,142.0,1268.0,461.0,680.0,1640.0,362.0,35.0,906.0,2559.0,209.0,34.0,1424.0,64.0,64.0,100.0,192.0,0.0,652.0,283.0,128.0,145.0,45.0,137.0,85.0,248.0,47.0,136.0,156.0,81.0,773.0,743.0,381.0,619.0,0.0,715.0,137.0,361.0,64.0,279.0,229.0,261.0,250.0,298.0,560.0,38.0,126.0,382.0,35.0,65.0,32.0,59.0,297.0,1.0,521.0,249.0,469.0,1230.0,329.0,509.0,98.0,1187.0,250.0,148.0,0.0,356.0,152.0,112.0,93.0,1354.0,1279.0,797.0,776.0,2211.0,785.0,683.0,0.0,810.0,528.0,393.0,1020.0,683.0,362.0,191.0,116.0,93.0,150.0,302.0,177.0,0.0,52.0,61.0,5.0,35.0,101.0,677.0,113.0,0.0,72.0,46.0,50.0,63.0,99.0,48.0,14.0,11.0,20.0,151.0,386.0,384.0,837.0,465.0,338.0,418.0,517.0,631.0,539.0,17.0,115.0,388.0,507.0,89.0,48.0,645.0,156.0,52.0,45.0,26.0,349.0,40.0,198.0,270.0,97.0,183.0,129.0,119.0,241.0,236.0,188.0,183.0,133.0,112.0,48.0,130.0,534.0,59.0,58.0,105.0,68.0,521.0,61.0,55.0,53.0,40.0,50.0,8927.0,15634.0,12708.0,14042.0,1.0,7741.0,22081.0,9456.0,9440.0,3972.0,3800.0,8690.0,6058.0,8908.0,2408.0,3150.0,2616.0,1642.0,7340.0,30713.0,1192.0,339.0,690.0,458.0,310.0,778.0,300.0,420.0,0.0,432.0,94.0,83.0,545.0,411.0,443.0,205.0,1486.0,0.0,0.0,203.0,26.0,177.0,151.0,0.0,180.0,144.0,53.0,267.0,0.0,29.0,86.0,39.0,106.0,105.0,45.0,69.0,109.0,767.0,27.0,70.0,34.0,64.0,43.0,24.0,47.0,43.0,18.0,50.0,129.0,0.0,10.0,34.0,28.0,2.0,10.0,808485.0
IDR,91.0,528.0,813.0,390.0,645.0,325.0,1428.0,397.0,896.0,232.0,1054.0,107.0,144.0,1551.0,270.0,216.0,33.0,1004.0,79.0,503.0,123.0,297.0,15.0,336.0,302.0,278.0,177.0,1547.0,710.0,924.0,522.0,6.0,454.0,0.0,52.0,129.0,236.0,108.0,246.0,550.0,178.0,487.0,1322.0,8.0,0.0,81.0,61.0,62.0,83.0,150.0,103.0,186.0,94.0,114.0,695.0,864.0,522.0,40.0,51.0,29.0,91.0,220.0,18.0,130.0,180.0,908.0,847.0,307.0,3.0,98.0,145.0,1000.0,480.0,409.0,3.0,559.0,685.0,231.0,588.0,76.0,41.0,20.0,48.0,182.0,398.0,190.0,170.0,363.0,32.0,229.0,69.0,295.0,72.0,59.0,78.0,72.0,14.0,445.0,112.0,20.0,308.0,694.0,390.0,422.0,363.0,0.0,109.0,108.0,148.0,199.0,112.0,1261.0,437.0,366.0,88.0,514.0,501.0,757.0,118.0,100.0,270.0,74.0,104.0,2886.0,1688.0,4076.0,1451.0,5005.0,2513.0,577.0,972.0,1231.0,1022.0,5.0,487.0,421.0,849.0,514.0,2552.0,860.0,5898.0,6870.0,801.0,607.0,8137.0,52.0,516.0,454.0,902.0,252.0,294.0,41.0,307.0,313.0,463.0,86.0,159.0,392.0,76.0,271.0,216.0,93.0,229.0,152.0,94.0,312.0,224.0,404.0,0.0,83.0,135.0,91.0,92.0,130.0,87.0,382.0,49.0,145.0,462.0,252.0,311.0,225.0,6.0,38.0,58.0,0.0,148.0,157.0,0.0,110.0,183.0,0.0,33.0,124.0,39.0,116.0,91.0,368.0,146.0,80.0,28.0,14.0,13.0,70.0,1.0,99.0,354.0,135.0,166.0,290.0,46.0,561.0,11.0,3.0,60.0,261.0,52.0,0.0,0.0,0.0,1248.0,617.0,1517.0,175.0,459.0,671.0,31.0,1777.0,1045.0,1181.0,1490.0,1096.0,1616.0,1680.0,92.0,0.0,102.0,878.0,891.0,547.0,925.0,716.0,1373.0,157.0,643.0,808.0,128.0,1168.0,574.0,0.0,938.0,20.0,0.0,449.0,845.0,740.0,853.0,637.0,752.0,938.0,1045.0,481.0,1106.0,0.0,0.0,1380.0,709.0,1226.0,440.0,502.0,450.0,309.0,275.0,51.0,218.0,94.0,411.0,183.0,258.0,99.0,88.0,96.0,71.0,153.0,191.0,25.0,16.0,32.0,119.0,30.0,49.0,67.0,38.0,82.0,34.0,3.0,1962.0,262.0,255.0,555.0,236.0,349.0,1219.0,92.0,761.0,152.0,137.0,1016.0,366.0,38.0,555.0,1077.0,194.0,14.0,873.0,26.0,35.0,98.0,237.0,0.0,719.0,217.0,144.0,82.0,37.0,80.0,33.0,244.0,11.0,38.0,126.0,39.0,882.0,619.0,588.0,866.0,2.0,737.0,187.0,601.0,61.0,161.0,305.0,177.0,159.0,231.0,652.0,54.0,188.0,420.0,86.0,58.0,16.0,38.0,447.0,0.0,240.0,219.0,423.0,1929.0,625.0,615.0,126.0,1409.0,254.0,87.0,0.0,345.0,237.0,113.0,184.0,1543.0,774.0,826.0,594.0,1819.0,493.0,370.0,0.0,309.0,698.0,327.0,592.0,429.0,245.0,128.0,114.0,84.0,129.0,140.0,127.0,0.0,75.0,44.0,0.0,31.0,70.0,405.0,60.0,0.0,69.0,27.0,48.0,43.0,53.0,27.0,5.0,26.0,22.0,97.0,346.0,442.0,1064.0,390.0,293.0,3062.0,551.0,403.0,440.0,21.0,96.0,346.0,294.0,63.0,55.0,448.0,222.0,40.0,71.0,20.0,297.0,54.0,171.0,355.0,85.0,211.0,139.0,99.0,164.0,211.0,249.0,765.0,216.0,107.0,81.0,65.0,374.0,34.0,61.0,64.0,78.0,331.0,70.0,87.0,56.0,33.0,67.0,140.0,323.0,137.0,143.0,0.0,79.0,334.0,153.0,115.0,51.0,57.0,88.0,111.0,416.0,51.0,28.0,52.0,26.0,83.0,344.0,324.0,163.0,85.0,136.0,104.0,146.0,35.0,101.0,0.0,169.0,26.0,11.0,134.0,84.0,82.0,53.0,284.0,3.0,0.0,48.0,39.0,101.0,77.0,0.0,89.0,63.0,30.0,132.0,0.0,14.0,84.0,15.0,54.0,81.0,39.0,39.0,33.0,412.0,36.0,24.0,17.0,19.0,24.0,23.0,24.0,26.0,23.0,46.0,40.0,0.0,3.0,18.0,16.0,1.0,1.0,199331.0
JAI,159.0,1139.0,2209.0,977.0,1587.0,742.0,3598.0,1534.0,2542.0,806.0,2000.0,288.0,404.0,2994.0,534.0,566.0,140.0,2908.0,309.0,1350.0,286.0,368.0,58.0,886.0,1262.0,709.0,432.0,3706.0,2206.0,1718.0,1847.0,10.0,1449.0,0.0,155.0,375.0,609.0,502.0,836.0,1589.0,411.0,1333.0,3481.0,2.0,0.0,329.0,268.0,320.0,197.0,460.0,280.0,359.0,375.0,515.0,1519.0,2451.0,1484.0,103.0,220.0,213.0,250.0,485.0,132.0,569.0,640.0,1622.0,1308.0,1106.0,1.0,583.0,714.0,1853.0,969.0,961.0,0.0,1466.0,1520.0,419.0,714.0,336.0,234.0,84.0,91.0,640.0,1077.0,799.0,784.0,1365.0,228.0,1133.0,263.0,1424.0,384.0,214.0,511.0,298.0,106.0,1895.0,655.0,162.0,1241.0,1706.0,1391.0,824.0,1472.0,2.0,736.0,530.0,450.0,950.0,528.0,3589.0,1372.0,1435.0,704.0,1664.0,1877.0,1122.0,499.0,371.0,448.0,276.0,50.0,1009.0,625.0,1163.0,567.0,1200.0,672.0,163.0,333.0,459.0,316.0,0.0,229.0,121.0,279.0,116.0,926.0,280.0,2031.0,1262.0,245.0,279.0,2296.0,23.0,2010.0,2128.0,3355.0,1064.0,1800.0,266.0,1965.0,1657.0,1947.0,669.0,455.0,1976.0,407.0,953.0,975.0,401.0,1213.0,676.0,449.0,1252.0,1569.0,1502.0,0.0,646.0,920.0,457.0,502.0,614.0,507.0,882.0,192.0,595.0,1914.0,1071.0,1189.0,845.0,38.0,138.0,194.0,0.0,821.0,625.0,1.0,610.0,603.0,0.0,134.0,379.0,95.0,505.0,311.0,1180.0,467.0,335.0,163.0,59.0,49.0,182.0,0.0,420.0,837.0,436.0,745.0,1046.0,186.0,1690.0,40.0,33.0,270.0,595.0,140.0,0.0,0.0,0.0,4033.0,2213.0,3853.0,1436.0,1662.0,2362.0,159.0,3142.0,1305.0,1366.0,2574.0,1347.0,3169.0,2564.0,135.0,0.0,107.0,2038.0,1510.0,1261.0,2091.0,1083.0,1442.0,414.0,1460.0,2051.0,388.0,973.0,938.0,0.0,1583.0,96.0,1.0,812.0,1399.0,2675.0,2856.0,821.0,2674.0,2035.0,3945.0,1729.0,4275.0,0.0,1.0,3226.0,1936.0,2213.0,1006.0,1600.0,2082.0,1179.0,1235.0,441.0,1467.0,694.0,1742.0,1291.0,1372.0,943.0,786.0,678.0,591.0,973.0,1102.0,124.0,132.0,155.0,932.0,200.0,304.0,420.0,344.0,547.0,279.0,6.0,3539.0,615.0,663.0,999.0,571.0,878.0,2204.0,285.0,1552.0,521.0,506.0,2426.0,858.0,140.0,1226.0,1929.0,307.0,78.0,1583.0,107.0,123.0,266.0,447.0,0.0,1115.0,311.0,95.0,263.0,135.0,215.0,188.0,269.0,34.0,125.0,302.0,90.0,7746.0,6667.0,4706.0,7354.0,1.0,6636.0,2257.0,5149.0,779.0,2072.0,2796.0,2197.0,2133.0,3436.0,5806.0,634.0,1270.0,5429.0,827.0,693.0,294.0,756.0,2859.0,0.0,446.0,455.0,926.0,2250.0,793.0,1101.0,258.0,1618.0,684.0,337.0,0.0,683.0,442.0,313.0,261.0,1724.0,2430.0,2956.0,1853.0,4238.0,2303.0,1412.0,0.0,1074.0,2528.0,1466.0,2105.0,1545.0,1050.0,497.0,368.0,341.0,511.0,326.0,619.0,1.0,225.0,197.0,4.0,101.0,292.0,1799.0,273.0,2.0,251.0,98.0,136.0,130.0,300.0,142.0,53.0,59.0,59.0,468.0,991.0,1268.0,3126.0,1258.0,1360.0,1686.0,2610.0,1823.0,2037.0,36.0,416.0,1370.0,969.0,202.0,128.0,1308.0,626.0,215.0,211.0,120.0,895.0,204.0,793.0,1226.0,369.0,680.0,500.0,432.0,883.0,522.0,669.0,773.0,1076.0,296.0,274.0,318.0,1559.0,265.0,235.0,213.0,267.0,1319.0,239.0,230.0,228.0,133.0,296.0,631.0,1229.0,570.0,855.0,0.0,383.0,1281.0,936.0,534.0,258.0,272.0,501.0,396.0,653.0,213.0,136.0,166.0,126.0,417.0,1738.0,898.0,475.0,395.0,434.0,321.0,397.0,114.0,267.0,0.0,555.0,139.0,89.0,463.0,260.0,345.0,115.0,942.0,0.0,0.0,207.0,22.0,429.0,311.0,2.0,347.0,265.0,88.0,310.0,1.0,65.0,227.0,97.0,331.0,386.0,121.0,210.0,284.0,1730.0,65.0,215.0,149.0,167.0,118.0,92.0,83.0,173.0,37.0,204.0,248.0,0.0,31.0,141.0,74.0,2.0,12.0,483630.0
MUM,625.0,3804.0,7709.0,3880.0,5852.0,2007.0,6135.0,1483.0,4669.0,2068.0,6073.0,1051.0,1118.0,7738.0,1334.0,1520.0,275.0,10054.0,612.0,3272.0,667.0,1040.0,273.0,3154.0,2998.0,2806.0,1338.0,9673.0,6161.0,3949.0,5078.0,130.0,4125.0,0.0,371.0,1062.0,2258.0,1198.0,1552.0,3746.0,1218.0,4859.0,7112.0,258.0,0.0,1063.0,817.0,600.0,779.0,1105.0,652.0,1307.0,1379.0,1494.0,4996.0,5368.0,3641.0,307.0,450.0,385.0,1181.0,1221.0,389.0,1811.0,1838.0,4064.0,3591.0,2482.0,18.0,1822.0,1779.0,3456.0,2935.0,2442.0,4.0,3561.0,2593.0,761.0,1654.0,796.0,639.0,305.0,355.0,1719.0,2934.0,1886.0,2134.0,3562.0,567.0,2650.0,730.0,4075.0,1191.0,765.0,1122.0,1061.0,261.0,4851.0,1491.0,355.0,2879.0,4052.0,3529.0,3040.0,3331.0,13.0,1532.0,1294.0,1088.0,2188.0,1384.0,7329.0,3108.0,3392.0,1099.0,3614.0,3639.0,2198.0,1228.0,919.0,1322.0,613.0,107.0,3228.0,1234.0,2582.0,801.0,3515.0,1478.0,495.0,448.0,785.0,666.0,11.0,248.0,275.0,549.0,349.0,1736.0,474.0,5482.0,3337.0,456.0,345.0,4777.0,79.0,3618.0,3219.0,5800.0,1664.0,2811.0,339.0,2037.0,2431.0,3473.0,879.0,1694.0,2696.0,617.0,1305.0,1528.0,513.0,1984.0,1141.0,619.0,1764.0,2068.0,1710.0,1.0,558.0,848.0,594.0,719.0,894.0,781.0,3007.0,517.0,1557.0,4236.0,3634.0,3523.0,2332.0,86.0,257.0,372.0,0.0,1201.0,1722.0,6.0,1323.0,1575.0,0.0,249.0,1142.0,357.0,1456.0,1014.0,3580.0,1436.0,1659.0,308.0,168.0,215.0,691.0,1.0,1109.0,2426.0,1576.0,2680.0,3016.0,567.0,3509.0,244.0,79.0,881.0,2555.0,449.0,1.0,0.0,0.0,5958.0,2184.0,5463.0,866.0,1512.0,3315.0,88.0,25312.0,15402.0,9966.0,15288.0,12248.0,23644.0,17430.0,382.0,2.0,696.0,11610.0,11397.0,11225.0,21865.0,8030.0,10446.0,3397.0,10302.0,12079.0,3310.0,8824.0,8030.0,9.0,9086.0,369.0,0.0,7196.0,11049.0,4219.0,4043.0,713.0,3770.0,3405.0,6271.0,2197.0,5090.0,0.0,1.0,4450.0,2535.0,3498.0,1814.0,2354.0,2912.0,2531.0,1613.0,869.0,3292.0,1616.0,3293.0,2920.0,3544.0,1732.0,1685.0,1732.0,1080.0,2319.0,2061.0,373.0,197.0,312.0,2346.0,363.0,1024.0,886.0,688.0,1072.0,670.0,1370.0,13829.0,2911.0,3025.0,6311.0,2862.0,4782.0,10386.0,1689.0,7705.0,2248.0,2096.0,12832.0,3212.0,836.0,5618.0,7485.0,1816.0,658.0,7085.0,457.0,556.0,1200.0,2094.0,12.0,5043.0,1198.0,1032.0,1000.0,1060.0,829.0,829.0,1915.0,207.0,649.0,1771.0,556.0,3821.0,3479.0,2251.0,3195.0,1.0,3364.0,882.0,2089.0,522.0,825.0,1332.0,1190.0,1177.0,1719.0,3266.0,251.0,1128.0,1873.0,307.0,286.0,104.0,225.0,1993.0,3.0,1665.0,2030.0,3470.0,4832.0,1625.0,1936.0,399.0,5291.0,2443.0,1086.0,0.0,996.0,591.0,1149.0,465.0,6979.0,4543.0,3571.0,2750.0,6051.0,3048.0,2764.0,0.0,1646.0,2457.0,2724.0,4675.0,2915.0,2076.0,1321.0,765.0,682.0,784.0,1078.0,880.0,1.0,358.0,347.0,1.0,229.0,786.0,3801.0,573.0,0.0,440.0,234.0,207.0,342.0,609.0,347.0,78.0,122.0,78.0,792.0,2179.0,2468.0,5824.0,2371.0,2573.0,2838.0,3850.0,2882.0,2677.0,100.0,712.0,2211.0,1907.0,642.0,232.0,2685.0,1174.0,323.0,366.0,250.0,1773.0,280.0,1464.0,1610.0,505.0,860.0,800.0,711.0,755.0,851.0,886.0,1269.0,1054.0,715.0,343.0,474.0,2287.0,426.0,505.0,308.0,456.0,2786.0,446.0,455.0,621.0,168.0,519.0,1716.0,3442.0,1508.0,2289.0,0.0,948.0,3216.0,1785.0,1223.0,729.0,764.0,1139.0,1404.0,2048.0,516.0,327.0,419.0,318.0,1056.0,4597.0,3607.0,1268.0,1336.0,1050.0,1140.0,1366.0,275.0,702.0,0.0,804.0,492.0,263.0,1322.0,467.0,927.0,496.0,3342.0,3.0,0.0,704.0,51.0,1264.0,814.0,3.0,669.0,734.0,296.0,1208.0,2.0,163.0,477.0,156.0,640.0,419.0,228.0,512.0,730.0,4372.0,145.0,371.0,257.0,323.0,186.0,217.0,131.0,372.0,103.0,340.0,578.0,4.0,61.0,297.0,100.0,6.0,36.0,1166781.0
NDL,784.0,2553.0,6038.0,3416.0,3004.0,1382.0,5680.0,1536.0,3804.0,1844.0,5005.0,736.0,992.0,6845.0,1521.0,1210.0,363.0,6908.0,634.0,2944.0,638.0,1089.0,91.0,2992.0,3182.0,2708.0,1730.0,10534.0,6190.0,3345.0,5678.0,268.0,4644.0,0.0,442.0,1445.0,2103.0,1501.0,1216.0,4187.0,1141.0,2928.0,8584.0,0.0,0.0,1057.0,723.0,682.0,862.0,1093.0,671.0,1263.0,1006.0,1296.0,4636.0,5906.0,4059.0,505.0,598.0,422.0,658.0,1652.0,321.0,1423.0,1702.0,3876.0,3104.0,2506.0,38.0,1373.0,1932.0,3296.0,2623.0,2027.0,27.0,3813.0,2481.0,947.0,2095.0,840.0,580.0,222.0,326.0,1575.0,2491.0,1896.0,1544.0,2962.0,460.0,2451.0,610.0,3511.0,908.0,583.0,960.0,853.0,229.0,4158.0,1255.0,256.0,3514.0,3956.0,3436.0,2132.0,3808.0,43.0,1327.0,1261.0,1070.0,2424.0,1252.0,7629.0,4218.0,3059.0,1063.0,3449.0,3554.0,1854.0,1254.0,823.0,1142.0,717.0,173.0,3018.0,944.0,2266.0,814.0,3551.0,1436.0,513.0,457.0,1147.0,552.0,11.0,281.0,409.0,706.0,310.0,1377.0,436.0,5032.0,3341.0,544.0,401.0,4371.0,30.0,10577.0,10240.0,16080.0,6430.0,8581.0,1180.0,6862.0,7135.0,10076.0,2896.0,2932.0,8439.0,2271.0,5688.0,3757.0,1858.0,5214.0,3667.0,2475.0,5950.0,7133.0,8608.0,0.0,1941.0,3550.0,1921.0,2173.0,3203.0,2294.0,3568.0,417.0,1385.0,5108.0,2772.0,3310.0,2012.0,108.0,335.0,572.0,0.0,1267.0,2374.0,20.0,1459.0,2053.0,0.0,310.0,1626.0,402.0,1130.0,1061.0,3173.0,1359.0,921.0,716.0,143.0,168.0,542.0,61.0,1889.0,2610.0,1337.0,2219.0,2408.0,651.0,2681.0,216.0,238.0,672.0,1993.0,383.0,0.0,3.0,0.0,13352.0,7068.0,13768.0,2372.0,5669.0,8265.0,648.0,9865.0,4856.0,3854.0,6136.0,4120.0,7457.0,5584.0,309.0,0.0,347.0,2843.0,4591.0,3601.0,5893.0,2943.0,4305.0,755.0,3651.0,4380.0,657.0,2617.0,3010.0,0.0,4552.0,226.0,0.0,1932.0,3332.0,16764.0,15763.0,1104.0,16042.0,10998.0,23031.0,9423.0,23940.0,0.0,11.0,14879.0,9167.0,10742.0,7354.0,8701.0,11181.0,7230.0,6309.0,823.0,3752.0,1469.0,2748.0,3106.0,3458.0,1706.0,1814.0,1744.0,1122.0,3016.0,2184.0,315.0,233.0,486.0,2255.0,557.0,917.0,1062.0,704.0,1119.0,544.0,54.0,7777.0,1187.0,1394.0,2949.0,1058.0,1714.0,5619.0,550.0,4323.0,1099.0,1021.0,5177.0,1491.0,212.0,2752.0,5329.0,605.0,174.0,4416.0,173.0,232.0,504.0,784.0,0.0,2441.0,539.0,359.0,466.0,256.0,393.0,324.0,723.0,104.0,286.0,760.0,199.0,7060.0,6610.0,4728.0,5646.0,6.0,7160.0,2577.0,4068.0,937.0,3667.0,2091.0,2795.0,2065.0,3601.0,6035.0,618.0,3807.0,4022.0,816.0,575.0,230.0,1002.0,2629.0,0.0,952.0,952.0,1999.0,5341.0,1941.0,2383.0,478.0,2991.0,1181.0,574.0,0.0,1448.0,598.0,579.0,674.0,4824.0,13209.0,14139.0,8470.0,17590.0,11675.0,8575.0,0.0,4554.0,9758.0,4735.0,7458.0,3811.0,2711.0,1741.0,1184.0,1208.0,1168.0,1676.0,1496.0,1.0,670.0,581.0,9.0,362.0,1128.0,5394.0,882.0,0.0,888.0,427.0,488.0,542.0,862.0,555.0,152.0,164.0,205.0,1468.0,4756.0,5786.0,13487.0,6046.0,6397.0,4827.0,11890.0,10436.0,10451.0,181.0,2713.0,9362.0,4076.0,1239.0,683.0,5802.0,5132.0,851.0,1203.0,580.0,3910.0,1374.0,5184.0,6367.0,1754.0,3162.0,3715.0,2704.0,3035.0,3313.0,3588.0,3542.0,3800.0,1687.0,1786.0,1609.0,8229.0,1785.0,1001.0,537.0,1274.0,5730.0,1267.0,1099.0,1216.0,394.0,1379.0,1759.0,3465.0,1775.0,2237.0,0.0,1165.0,3579.0,1541.0,1452.0,697.0,752.0,1681.0,1089.0,1642.0,650.0,332.0,489.0,335.0,1094.0,5550.0,3129.0,1521.0,1532.0,1119.0,1131.0,1466.0,335.0,825.0,0.0,862.0,425.0,282.0,1560.0,922.0,1067.0,521.0,3793.0,46.0,0.0,739.0,134.0,1624.0,1388.0,3.0,1091.0,1419.0,726.0,1250.0,9.0,222.0,768.0,243.0,754.0,995.0,726.0,582.0,752.0,6138.0,316.0,855.0,446.0,456.0,436.0,305.0,411.0,679.0,192.0,599.0,938.0,0.0,135.0,498.0,376.0,5.0,21.0,1423247.0
NGP,37.0,369.0,436.0,162.0,618.0,287.0,905.0,262.0,765.0,92.0,786.0,36.0,43.0,851.0,103.0,115.0,14.0,585.0,58.0,210.0,66.0,171.0,15.0,142.0,139.0,153.0,99.0,1492.0,404.0,681.0,353.0,41.0,364.0,0.0,23.0,100.0,133.0,42.0,253.0,317.0,109.0,399.0,773.0,23.0,0.0,35.0,36.0,48.0,27.0,77.0,36.0,93.0,49.0,73.0,558.0,484.0,383.0,21.0,38.0,12.0,54.0,83.0,20.0,93.0,132.0,464.0,437.0,238.0,0.0,81.0,102.0,548.0,343.0,205.0,0.0,284.0,529.0,97.0,241.0,38.0,27.0,25.0,19.0,100.0,232.0,56.0,74.0,230.0,32.0,221.0,35.0,117.0,40.0,23.0,27.0,18.0,13.0,326.0,59.0,11.0,233.0,539.0,335.0,431.0,220.0,1.0,67.0,67.0,60.0,184.0,103.0,909.0,228.0,423.0,62.0,364.0,372.0,563.0,77.0,33.0,144.0,113.0,4.0,401.0,205.0,203.0,37.0,820.0,154.0,231.0,31.0,202.0,58.0,1.0,18.0,117.0,69.0,96.0,121.0,156.0,823.0,821.0,101.0,270.0,1035.0,3.0,223.0,242.0,413.0,167.0,150.0,21.0,164.0,95.0,268.0,40.0,204.0,277.0,22.0,120.0,110.0,43.0,81.0,48.0,43.0,182.0,140.0,167.0,0.0,42.0,96.0,39.0,23.0,59.0,47.0,582.0,16.0,214.0,574.0,260.0,453.0,157.0,5.0,29.0,18.0,0.0,428.0,96.0,0.0,117.0,41.0,0.0,19.0,106.0,13.0,38.0,35.0,353.0,100.0,35.0,9.0,4.0,7.0,25.0,7.0,65.0,510.0,245.0,72.0,103.0,23.0,405.0,10.0,2.0,28.0,476.0,62.0,0.0,0.0,0.0,827.0,373.0,790.0,133.0,328.0,381.0,5.0,1770.0,1346.0,1356.0,1162.0,1145.0,1480.0,1414.0,209.0,0.0,121.0,837.0,661.0,324.0,690.0,495.0,1202.0,123.0,599.0,433.0,90.0,835.0,619.0,0.0,556.0,25.0,0.0,572.0,481.0,385.0,586.0,201.0,517.0,426.0,611.0,158.0,612.0,0.0,0.0,831.0,454.0,743.0,242.0,278.0,153.0,56.0,123.0,24.0,98.0,52.0,274.0,91.0,134.0,51.0,44.0,42.0,28.0,34.0,56.0,9.0,5.0,9.0,89.0,11.0,8.0,26.0,11.0,27.0,14.0,3.0,2393.0,229.0,248.0,927.0,184.0,299.0,1899.0,89.0,1168.0,215.0,309.0,1178.0,440.0,18.0,714.0,1321.0,148.0,14.0,1152.0,26.0,42.0,49.0,213.0,0.0,613.0,238.0,55.0,130.0,42.0,140.0,50.0,379.0,13.0,58.0,150.0,40.0,334.0,215.0,189.0,303.0,0.0,234.0,50.0,339.0,15.0,182.0,170.0,37.0,69.0,79.0,347.0,16.0,112.0,226.0,5.0,35.0,9.0,26.0,109.0,1.0,1441.0,1175.0,2970.0,4430.0,1588.0,1822.0,481.0,4979.0,1484.0,1254.0,0.0,918.0,1100.0,652.0,429.0,5380.0,492.0,480.0,323.0,1136.0,277.0,230.0,0.0,132.0,377.0,127.0,573.0,698.0,355.0,64.0,38.0,57.0,207.0,79.0,36.0,0.0,22.0,20.0,0.0,15.0,34.0,299.0,64.0,0.0,22.0,13.0,10.0,29.0,46.0,9.0,10.0,18.0,12.0,55.0,160.0,170.0,480.0,184.0,176.0,206.0,257.0,211.0,248.0,8.0,29.0,144.0,162.0,34.0,17.0,187.0,68.0,9.0,24.0,13.0,144.0,22.0,88.0,99.0,31.0,126.0,42.0,34.0,234.0,95.0,125.0,116.0,73.0,31.0,28.0,33.0,188.0,18.0,57.0,81.0,24.0,137.0,25.0,54.0,32.0,6.0,23.0,103.0,269.0,65.0,125.0,0.0,42.0,168.0,92.0,58.0,43.0,32.0,65.0,78.0,475.0,20.0,21.0,30.0,23.0,39.0,279.0,468.0,515.0,62.0,295.0,75.0,233.0,46.0,464.0,0.0,542.0,21.0,17.0,159.0,74.0,133.0,47.0,429.0,0.0,0.0,59.0,0.0,35.0,59.0,0.0,35.0,20.0,4.0,73.0,0.0,3.0,18.0,10.0,27.0,29.0,12.0,19.0,16.0,240.0,2.0,24.0,9.0,22.0,14.0,8.0,8.0,12.0,3.0,14.0,21.0,0.0,1.0,8.0,9.0,0.0,2.0,136264.0
PAT,40.0,236.0,388.0,183.0,322.0,131.0,659.0,264.0,470.0,77.0,629.0,19.0,61.0,850.0,129.0,85.0,12.0,581.0,26.0,203.0,45.0,174.0,10.0,73.0,103.0,86.0,35.0,2076.0,473.0,515.0,268.0,4.0,390.0,0.0,7.0,143.0,108.0,23.0,101.0,402.0,96.0,152.0,1546.0,41.0,0.0,12.0,34.0,9.0,12.0,84.0,13.0,61.0,26.0,76.0,620.0,688.0,623.0,20.0,7.0,9.0,42.0,210.0,3.0,60.0,155.0,521.0,426.0,137.0,1.0,33.0,83.0,400.0,249.0,152.0,0.0,409.0,509.0,84.0,149.0,55.0,19.0,23.0,22.0,91.0,188.0,59.0,53.0,210.0,14.0,133.0,13.0,68.0,18.0,21.0,27.0,16.0,4.0,146.0,22.0,4.0,140.0,320.0,178.0,465.0,114.0,0.0,24.0,16.0,37.0,122.0,19.0,839.0,174.0,279.0,31.0,218.0,224.0,313.0,38.0,20.0,176.0,24.0,8.0,198.0,92.0,74.0,28.0,166.0,52.0,35.0,9.0,100.0,30.0,2.0,17.0,24.0,22.0,12.0,48.0,142.0,231.0,219.0,25.0,84.0,445.0,1.0,242.0,188.0,570.0,214.0,126.0,22.0,151.0,111.0,260.0,31.0,104.0,360.0,26.0,133.0,109.0,67.0,77.0,45.0,38.0,300.0,117.0,218.0,0.0,47.0,143.0,41.0,29.0,87.0,77.0,1952.0,51.0,700.0,1871.0,621.0,1146.0,603.0,15.0,122.0,88.0,0.0,839.0,373.0,2.0,622.0,246.0,1.0,119.0,226.0,24.0,103.0,105.0,1632.0,463.0,223.0,28.0,26.0,10.0,131.0,31.0,186.0,1841.0,572.0,313.0,522.0,63.0,1007.0,22.0,27.0,114.0,1804.0,223.0,0.0,0.0,0.0,1110.0,509.0,1383.0,246.0,480.0,635.0,11.0,933.0,478.0,816.0,807.0,490.0,737.0,775.0,176.0,0.0,55.0,416.0,389.0,275.0,308.0,273.0,774.0,128.0,297.0,348.0,35.0,364.0,247.0,0.0,374.0,14.0,0.0,220.0,255.0,762.0,903.0,622.0,835.0,679.0,1086.0,247.0,863.0,0.0,1.0,1381.0,715.0,1264.0,375.0,891.0,112.0,81.0,354.0,22.0,78.0,25.0,198.0,48.0,62.0,36.0,28.0,27.0,19.0,42.0,37.0,3.0,4.0,7.0,82.0,6.0,14.0,26.0,7.0,32.0,17.0,1.0,1125.0,40.0,45.0,156.0,35.0,63.0,748.0,14.0,182.0,23.0,19.0,299.0,54.0,3.0,241.0,932.0,53.0,7.0,389.0,1.0,12.0,20.0,37.0,0.0,377.0,49.0,17.0,11.0,9.0,42.0,16.0,98.0,5.0,8.0,56.0,6.0,375.0,168.0,370.0,196.0,0.0,283.0,82.0,200.0,17.0,238.0,111.0,31.0,34.0,99.0,227.0,15.0,81.0,351.0,20.0,53.0,6.0,30.0,143.0,0.0,49.0,13.0,112.0,901.0,199.0,412.0,81.0,243.0,10.0,8.0,0.0,149.0,169.0,12.0,94.0,427.0,739.0,657.0,538.0,2478.0,658.0,455.0,0.0,365.0,761.0,5813.0,9334.0,4360.0,3885.0,2128.0,1544.0,1624.0,1513.0,1680.0,1855.0,2.0,1012.0,577.0,49.0,501.0,1736.0,6126.0,1170.0,2.0,944.0,563.0,458.0,548.0,1276.0,635.0,210.0,257.0,261.0,1297.0,216.0,266.0,705.0,416.0,342.0,120.0,264.0,296.0,367.0,1.0,35.0,178.0,341.0,35.0,32.0,443.0,59.0,10.0,28.0,20.0,375.0,19.0,91.0,144.0,36.0,177.0,75.0,44.0,365.0,122.0,198.0,83.0,105.0,58.0,60.0,45.0,303.0,28.0,81.0,82.0,47.0,244.0,33.0,56.0,44.0,7.0,39.0,76.0,130.0,26.0,46.0,0.0,15.0,112.0,41.0,26.0,23.0,19.0,35.0,22.0,356.0,17.0,6.0,23.0,47.0,20.0,127.0,550.0,468.0,78.0,491.0,221.0,220.0,53.0,277.0,0.0,363.0,30.0,22.0,232.0,57.0,75.0,64.0,681.0,5.0,0.0,108.0,3.0,83.0,47.0,0.0,95.0,63.0,14.0,161.0,0.0,13.0,60.0,25.0,45.0,103.0,36.0,30.0,57.0,685.0,14.0,51.0,22.0,49.0,30.0,26.0,18.0,49.0,15.0,30.0,39.0,0.0,6.0,37.0,27.0,0.0,5.0,157991.0
PNQ,249.0,1306.0,2646.0,1313.0,2365.0,998.0,3181.0,870.0,3227.0,865.0,1987.0,270.0,448.0,2872.0,576.0,512.0,163.0,2611.0,232.0,1277.0,522.0,881.0,75.0,908.0,968.0,1587.0,880.0,5404.0,2333.0,3276.0,1843.0,181.0,1367.0,0.0,208.0,813.0,2179.0,491.0,969.0,1519.0,935.0,2117.0,3358.0,160.0,0.0,353.0,302.0,588.0,721.0,493.0,249.0,548.0,511.0,517.0,1998.0,2333.0,2037.0,281.0,311.0,145.0,551.0,756.0,206.0,505.0,585.0,1674.0,1247.0,769.0,6.0,638.0,636.0,1332.0,1354.0,873.0,1.0,1237.0,2007.0,467.0,1981.0,509.0,277.0,161.0,178.0,1009.0,1368.0,355.0,467.0,1106.0,183.0,946.0,220.0,1029.0,264.0,177.0,219.0,392.0,75.0,1564.0,306.0,100.0,855.0,1549.0,1294.0,1921.0,1104.0,2.0,360.0,480.0,591.0,835.0,452.0,3118.0,1001.0,1054.0,314.0,1246.0,1903.0,1342.0,497.0,352.0,727.0,316.0,38.0,747.0,732.0,1385.0,330.0,1093.0,648.0,314.0,176.0,325.0,267.0,1.0,199.0,95.0,222.0,186.0,497.0,243.0,1483.0,978.0,175.0,134.0,1623.0,15.0,891.0,827.0,1593.0,417.0,622.0,69.0,600.0,678.0,916.0,230.0,396.0,746.0,231.0,321.0,442.0,178.0,529.0,357.0,188.0,588.0,571.0,564.0,0.0,270.0,378.0,152.0,215.0,235.0,124.0,673.0,172.0,347.0,1043.0,695.0,821.0,564.0,23.0,92.0,86.0,0.0,362.0,363.0,2.0,374.0,423.0,0.0,81.0,303.0,104.0,249.0,282.0,672.0,394.0,241.0,60.0,56.0,36.0,187.0,0.0,232.0,610.0,483.0,467.0,512.0,96.0,931.0,45.0,14.0,131.0,459.0,139.0,1.0,0.0,0.0,2420.0,1227.0,2499.0,489.0,1220.0,1098.0,106.0,9440.0,5506.0,4676.0,5864.0,5235.0,9652.0,8415.0,1169.0,0.0,457.0,6510.0,4320.0,3690.0,8588.0,3126.0,4482.0,1168.0,4410.0,4115.0,1646.0,4447.0,2295.0,0.0,2988.0,68.0,0.0,3004.0,3288.0,1383.0,1302.0,281.0,1251.0,843.0,1689.0,710.0,1621.0,0.0,0.0,1703.0,1152.0,2033.0,515.0,830.0,701.0,426.0,473.0,210.0,625.0,400.0,738.0,545.0,777.0,335.0,405.0,342.0,263.0,605.0,466.0,71.0,36.0,147.0,532.0,277.0,243.0,212.0,113.0,215.0,109.0,141.0,25810.0,6386.0,6919.0,8833.0,5598.0,8474.0,16637.0,3752.0,14067.0,3604.0,2632.0,18323.0,4850.0,817.0,10668.0,12627.0,4742.0,617.0,15014.0,1495.0,1327.0,2427.0,2573.0,0.0,11691.0,2398.0,2730.0,1626.0,887.0,1135.0,1144.0,5019.0,369.0,1317.0,3079.0,915.0,931.0,1137.0,872.0,1147.0,0.0,1062.0,282.0,920.0,205.0,537.0,531.0,411.0,379.0,538.0,787.0,101.0,517.0,564.0,78.0,158.0,21.0,139.0,708.0,2.0,1569.0,2387.0,3067.0,1673.0,577.0,863.0,131.0,4919.0,2503.0,1453.0,0.0,612.0,275.0,1689.0,297.0,5129.0,1100.0,1387.0,880.0,2559.0,1010.0,576.0,0.0,487.0,1366.0,1011.0,1399.0,1361.0,765.0,241.0,179.0,171.0,210.0,272.0,412.0,0.0,125.0,98.0,3.0,85.0,213.0,781.0,267.0,2.0,212.0,86.0,105.0,112.0,212.0,107.0,80.0,36.0,89.0,210.0,425.0,570.0,1467.0,830.0,937.0,1008.0,1045.0,704.0,706.0,58.0,148.0,443.0,421.0,127.0,104.0,586.0,305.0,243.0,202.0,147.0,401.0,133.0,380.0,569.0,176.0,389.0,241.0,178.0,441.0,287.0,611.0,454.0,352.0,142.0,91.0,120.0,571.0,175.0,176.0,143.0,160.0,571.0,104.0,177.0,191.0,36.0,263.0,498.0,846.0,399.0,681.0,0.0,316.0,929.0,545.0,376.0,197.0,157.0,330.0,264.0,812.0,147.0,132.0,211.0,143.0,241.0,1281.0,842.0,445.0,317.0,322.0,357.0,419.0,102.0,220.0,0.0,348.0,100.0,63.0,278.0,267.0,455.0,114.0,806.0,0.0,0.0,139.0,11.0,237.0,254.0,1.0,220.0,91.0,49.0,224.0,1.0,29.0,186.0,50.0,143.0,145.0,87.0,110.0,88.0,774.0,50.0,100.0,61.0,86.0,86.0,41.0,45.0,61.0,36.0,108.0,99.0,0.0,13.0,59.0,55.0,3.0,8.0,605369.0
SDL,215.0,1155.0,2435.0,1218.0,1206.0,531.0,2449.0,776.0,1618.0,1036.0,2074.0,312.0,418.0,3451.0,601.0,538.0,139.0,2807.0,307.0,1314.0,345.0,481.0,60.0,1038.0,1098.0,895.0,462.0,5276.0,2381.0,1874.0,2024.0,7.0,1906.0,0.0,154.0,519.0,564.0,393.0,421.0,1591.0,523.0,1335.0,3020.0,1.0,0.0,323.0,242.0,186.0,171.0,371.0,201.0,367.0,364.0,394.0,2626.0,2204.0,1546.0,128.0,165.0,135.0,299.0,560.0,117.0,566.0,576.0,2178.0,1501.0,883.0,2.0,528.0,705.0,1643.0,1672.0,976.0,2.0,1483.0,1224.0,404.0,1427.0,529.0,223.0,147.0,145.0,730.0,1015.0,707.0,580.0,1134.0,217.0,921.0,207.0,1196.0,298.0,189.0,292.0,319.0,78.0,1582.0,395.0,95.0,1023.0,1750.0,1363.0,1485.0,1278.0,2.0,544.0,418.0,465.0,913.0,328.0,3471.0,1447.0,1352.0,337.0,1285.0,1275.0,1025.0,474.0,366.0,496.0,234.0,60.0,1274.0,511.0,903.0,286.0,1476.0,608.0,197.0,227.0,491.0,251.0,3.0,106.0,117.0,260.0,109.0,599.0,261.0,1864.0,1544.0,231.0,132.0,1927.0,14.0,5254.0,3481.0,6914.0,2837.0,2958.0,496.0,2605.0,2126.0,3901.0,968.0,1216.0,3496.0,975.0,2173.0,1503.0,637.0,1803.0,1325.0,919.0,2266.0,3048.0,4094.0,0.0,782.0,1415.0,757.0,655.0,1282.0,730.0,1664.0,174.0,626.0,2154.0,1281.0,1662.0,886.0,35.0,104.0,222.0,0.0,617.0,961.0,5.0,494.0,747.0,0.0,117.0,718.0,138.0,360.0,331.0,1635.0,540.0,444.0,193.0,63.0,64.0,225.0,0.0,474.0,1233.0,632.0,849.0,1132.0,231.0,1467.0,67.0,63.0,293.0,1114.0,158.0,0.0,0.0,0.0,8157.0,4070.0,7812.0,1452.0,3608.0,4708.0,240.0,4909.0,2887.0,2208.0,2800.0,2450.0,3427.0,2780.0,15.0,0.0,144.0,1284.0,2013.0,1464.0,2228.0,1481.0,2414.0,347.0,1698.0,1840.0,272.0,1399.0,1704.0,0.0,2267.0,89.0,0.0,885.0,1430.0,6375.0,6823.0,224.0,6041.0,5801.0,8113.0,3527.0,8761.0,0.0,0.0,7181.0,4214.0,5192.0,3453.0,3605.0,3159.0,2304.0,1894.0,322.0,1425.0,566.0,959.0,1185.0,1442.0,612.0,625.0,579.0,504.0,966.0,818.0,129.0,63.0,189.0,1034.0,177.0,381.0,360.0,221.0,427.0,215.0,10.0,3696.0,485.0,659.0,1097.0,428.0,724.0,2562.0,236.0,1833.0,426.0,477.0,2076.0,673.0,70.0,1257.0,2454.0,329.0,64.0,1755.0,97.0,85.0,211.0,299.0,1.0,1398.0,334.0,241.0,182.0,98.0,130.0,113.0,443.0,35.0,148.0,308.0,94.0,3422.0,2433.0,1660.0,2109.0,0.0,3072.0,958.0,1592.0,222.0,2325.0,793.0,934.0,799.0,1006.0,2879.0,264.0,2016.0,1685.0,295.0,393.0,119.0,650.0,932.0,0.0,352.0,378.0,725.0,2415.0,701.0,968.0,177.0,1455.0,429.0,285.0,0.0,473.0,321.0,233.0,228.0,1946.0,7460.0,7646.0,5090.0,9558.0,5107.0,4976.0,0.0,2920.0,5569.0,1806.0,2816.0,1543.0,983.0,751.0,512.0,490.0,421.0,690.0,606.0,0.0,303.0,225.0,1.0,178.0,453.0,2278.0,379.0,0.0,380.0,178.0,264.0,256.0,381.0,258.0,67.0,46.0,72.0,549.0,2019.0,2453.0,5514.0,2681.0,3415.0,2100.0,4757.0,4334.0,4044.0,96.0,1021.0,3159.0,1811.0,625.0,440.0,2615.0,2512.0,431.0,533.0,279.0,1733.0,638.0,2051.0,2453.0,708.0,1342.0,1288.0,1117.0,1558.0,1247.0,1662.0,1283.0,1903.0,724.0,661.0,561.0,3225.0,675.0,763.0,271.0,426.0,2588.0,744.0,449.0,607.0,170.0,684.0,578.0,1285.0,595.0,700.0,0.0,326.0,1067.0,523.0,446.0,238.0,204.0,405.0,420.0,700.0,156.0,147.0,179.0,127.0,352.0,1662.0,1338.0,488.0,445.0,540.0,506.0,533.0,139.0,345.0,0.0,353.0,203.0,119.0,662.0,297.0,337.0,217.0,1757.0,1.0,0.0,382.0,35.0,493.0,511.0,2.0,478.0,485.0,212.0,603.0,2.0,70.0,291.0,77.0,300.0,351.0,179.0,203.0,305.0,2489.0,105.0,350.0,122.0,170.0,111.0,122.0,129.0,267.0,67.0,200.0,346.0,0.0,29.0,143.0,116.0,3.0,9.0,608956.0
VJA,44.0,256.0,436.0,244.0,264.0,207.0,595.0,164.0,488.0,82.0,853.0,22.0,76.0,745.0,108.0,105.0,17.0,907.0,30.0,194.0,22.0,100.0,20.0,558.0,1048.0,762.0,529.0,7017.0,3127.0,1952.0,2651.0,80.0,2224.0,0.0,186.0,811.0,372.0,334.0,1340.0,2705.0,507.0,345.0,8164.0,0.0,0.0,226.0,135.0,135.0,132.0,470.0,1238.0,474.0,47.0,245.0,2393.0,3157.0,2534.0,118.0,512.0,115.0,95.0,1187.0,89.0,528.0,833.0,3088.0,3944.0,1700.0,246.0,478.0,861.0,3898.0,2495.0,1386.0,4.0,2554.0,2328.0,509.0,672.0,327.0,309.0,321.0,263.0,1550.0,834.0,450.0,615.0,1346.0,170.0,752.0,183.0,905.0,189.0,402.0,139.0,274.0,60.0,1620.0,410.0,94.0,9696.0,15929.0,13976.0,8116.0,9862.0,328.0,5672.0,3988.0,4013.0,8704.0,3214.0,21497.0,5754.0,10305.0,6354.0,15072.0,13314.0,5028.0,10213.0,5235.0,4871.0,2432.0,7.0,80.0,49.0,57.0,31.0,109.0,28.0,15.0,7.0,46.0,28.0,0.0,5.0,10.0,16.0,12.0,35.0,72.0,221.0,149.0,10.0,70.0,227.0,1.0,194.0,123.0,193.0,95.0,66.0,10.0,92.0,73.0,140.0,20.0,73.0,170.0,18.0,36.0,37.0,47.0,61.0,31.0,15.0,157.0,67.0,96.0,0.0,17.0,73.0,22.0,21.0,25.0,25.0,919.0,16.0,202.0,373.0,157.0,300.0,110.0,8.0,4.0,44.0,0.0,163.0,90.0,1.0,53.0,81.0,0.0,14.0,80.0,5.0,36.0,37.0,269.0,195.0,43.0,7.0,15.0,16.0,21.0,0.0,51.0,242.0,175.0,82.0,163.0,17.0,213.0,5.0,2.0,16.0,360.0,80.0,0.0,0.0,0.0,887.0,449.0,769.0,71.0,176.0,297.0,3.0,1415.0,930.0,1199.0,842.0,947.0,1208.0,1288.0,73.0,0.0,46.0,460.0,630.0,291.0,339.0,349.0,1093.0,79.0,418.0,256.0,47.0,632.0,398.0,0.0,408.0,5.0,0.0,190.0,433.0,278.0,477.0,121.0,414.0,661.0,395.0,114.0,354.0,0.0,0.0,816.0,327.0,820.0,276.0,217.0,89.0,58.0,74.0,70.0,210.0,143.0,820.0,323.0,435.0,159.0,152.0,130.0,79.0,113.0,277.0,8.0,18.0,26.0,504.0,36.0,48.0,67.0,40.0,109.0,41.0,2.0,1045.0,237.0,89.0,199.0,80.0,136.0,1006.0,25.0,304.0,86.0,87.0,321.0,139.0,21.0,239.0,1106.0,86.0,8.0,490.0,17.0,12.0,41.0,65.0,0.0,307.0,76.0,38.0,32.0,25.0,38.0,56.0,88.0,42.0,19.0,48.0,35.0,263.0,166.0,69.0,268.0,0.0,155.0,24.0,142.0,21.0,59.0,52.0,30.0,32.0,47.0,226.0,5.0,95.0,101.0,11.0,26.0,1.0,12.0,92.0,1.0,172.0,52.0,185.0,605.0,124.0,248.0,53.0,474.0,37.0,26.0,0.0,135.0,145.0,25.0,13.0,536.0,548.0,266.0,429.0,955.0,300.0,223.0,0.0,280.0,138.0,92.0,220.0,380.0,128.0,16.0,18.0,21.0,55.0,42.0,24.0,0.0,7.0,13.0,0.0,12.0,13.0,104.0,21.0,0.0,9.0,4.0,5.0,8.0,32.0,15.0,3.0,2.0,5.0,24.0,110.0,48.0,155.0,98.0,43.0,60.0,113.0,121.0,102.0,3.0,16.0,71.0,249.0,18.0,9.0,118.0,27.0,5.0,7.0,7.0,50.0,7.0,34.0,47.0,29.0,48.0,44.0,31.0,134.0,50.0,68.0,23.0,33.0,14.0,13.0,21.0,90.0,14.0,30.0,38.0,6.0,63.0,6.0,9.0,4.0,16.0,16.0,16875.0,26852.0,15028.0,26159.0,1.0,8845.0,46588.0,16671.0,20765.0,9422.0,9484.0,14121.0,11615.0,14120.0,4211.0,5239.0,3024.0,2829.0,14163.0,68684.0,726.0,211.0,482.0,205.0,125.0,228.0,363.0,260.0,0.0,293.0,31.0,23.0,249.0,357.0,108.0,93.0,656.0,0.0,0.0,79.0,2.0,20.0,18.0,0.0,23.0,14.0,8.0,71.0,0.0,6.0,16.0,23.0,12.0,101.0,6.0,11.0,68.0,347.0,2.0,13.0,11.0,9.0,6.0,6.0,4.0,15.0,5.0,6.0,14.0,1.0,0.0,11.0,12.0,0.0,3.0,666329.0
WUP,180.0,1004.0,1922.0,970.0,1567.0,664.0,2519.0,689.0,1529.0,643.0,1917.0,243.0,369.0,2849.0,484.0,458.0,122.0,2311.0,193.0,1092.0,187.0,434.0,61.0,712.0,865.0,766.0,422.0,4277.0,1868.0,1814.0,1591.0,6.0,1452.0,0.0,142.0,380.0,675.0,391.0,383.0,1454.0,491.0,1156.0,3421.0,0.0,0.0,258.0,220.0,210.0,199.0,346.0,162.0,355.0,281.0,373.0,1542.0,1990.0,1585.0,165.0,176.0,129.0,175.0,475.0,126.0,604.0,731.0,1593.0,1170.0,973.0,1.0,489.0,694.0,2010.0,1164.0,995.0,0.0,1412.0,1261.0,396.0,1245.0,273.0,182.0,76.0,146.0,638.0,926.0,484.0,482.0,1049.0,135.0,931.0,229.0,1145.0,277.0,196.0,326.0,279.0,64.0,1234.0,419.0,109.0,868.0,1242.0,977.0,939.0,1032.0,2.0,382.0,296.0,286.0,787.0,328.0,2599.0,1149.0,1008.0,364.0,1131.0,1213.0,1093.0,362.0,209.0,409.0,220.0,44.0,1387.0,451.0,1052.0,327.0,1541.0,709.0,226.0,190.0,553.0,243.0,3.0,119.0,165.0,330.0,147.0,683.0,251.0,2108.0,1812.0,247.0,192.0,2746.0,16.0,3027.0,2847.0,5073.0,2043.0,2105.0,380.0,1922.0,1884.0,3971.0,799.0,1106.0,2958.0,574.0,1659.0,1373.0,476.0,1573.0,933.0,603.0,1766.0,1853.0,2752.0,0.0,533.0,1392.0,679.0,569.0,1265.0,569.0,1188.0,153.0,503.0,1541.0,1085.0,1184.0,698.0,55.0,113.0,197.0,0.0,513.0,751.0,2.0,484.0,640.0,0.0,96.0,369.0,104.0,346.0,284.0,1100.0,452.0,407.0,154.0,42.0,34.0,174.0,0.0,484.0,910.0,403.0,674.0,926.0,203.0,1862.0,69.0,39.0,295.0,612.0,187.0,0.0,1.0,0.0,4709.0,3002.0,6139.0,1300.0,2418.0,2700.0,191.0,3249.0,1558.0,1848.0,2387.0,1763.0,2807.0,2356.0,104.0,0.0,165.0,1020.0,1495.0,1298.0,1903.0,918.0,1801.0,259.0,1314.0,1446.0,248.0,1412.0,808.0,0.0,1422.0,70.0,0.0,833.0,1242.0,5540.0,6033.0,1541.0,4934.0,4239.0,6899.0,3791.0,7986.0,0.0,0.0,8470.0,4469.0,6622.0,3862.0,4216.0,2517.0,1614.0,2473.0,233.0,781.0,408.0,983.0,781.0,849.0,460.0,492.0,420.0,341.0,583.0,547.0,57.0,66.0,104.0,553.0,131.0,180.0,203.0,150.0,298.0,146.0,7.0,3158.0,413.0,431.0,914.0,368.0,588.0,2237.0,214.0,1268.0,342.0,275.0,1877.0,501.0,57.0,934.0,2107.0,198.0,61.0,1533.0,81.0,82.0,154.0,269.0,0.0,1283.0,286.0,117.0,186.0,102.0,139.0,131.0,292.0,32.0,88.0,206.0,64.0,2348.0,2018.0,1742.0,1755.0,0.0,2450.0,918.0,1341.0,290.0,1445.0,658.0,969.0,640.0,1187.0,2175.0,277.0,1175.0,1610.0,367.0,231.0,96.0,276.0,1077.0,1.0,341.0,294.0,712.0,2143.0,682.0,977.0,175.0,1377.0,402.0,197.0,0.0,464.0,276.0,204.0,241.0,1461.0,3767.0,4777.0,2629.0,9537.0,3584.0,2357.0,0.0,1709.0,3704.0,1751.0,2237.0,1368.0,974.0,573.0,412.0,458.0,456.0,557.0,555.0,0.0,264.0,176.0,5.0,177.0,429.0,2122.0,302.0,0.0,381.0,211.0,199.0,271.0,326.0,215.0,57.0,66.0,89.0,453.0,4258.0,4524.0,10016.0,3393.0,3666.0,3182.0,13957.0,10445.0,9845.0,225.0,3293.0,8497.0,2317.0,667.0,435.0,5557.0,7757.0,775.0,995.0,374.0,4053.0,1676.0,6335.0,6944.0,1972.0,3429.0,4477.0,3243.0,2468.0,3156.0,5308.0,2687.0,4188.0,1084.0,2293.0,1483.0,3959.0,2487.0,900.0,338.0,886.0,4243.0,1476.0,701.0,665.0,328.0,1216.0,414.0,901.0,386.0,514.0,0.0,211.0,833.0,412.0,314.0,184.0,176.0,305.0,257.0,595.0,147.0,89.0,125.0,74.0,240.0,1115.0,1102.0,439.0,398.0,361.0,413.0,418.0,111.0,264.0,0.0,327.0,164.0,91.0,486.0,264.0,325.0,193.0,1089.0,1.0,0.0,201.0,22.0,423.0,447.0,1.0,379.0,361.0,110.0,474.0,2.0,43.0,219.0,81.0,220.0,314.0,189.0,176.0,256.0,1635.0,89.0,266.0,117.0,127.0,115.0,76.0,122.0,232.0,36.0,124.0,247.0,0.0,32.0,169.0,131.0,7.0,11.0,604891.0
